{
  "forge_marker": 1,
  "defaults": {
    "model": "rail_flat",
    "textures": {
      "rail": "railcraft:blocks/tracks/flex/high_speed_electric_flat"
    },
    "transform": "forge:default-block"
  },
  "variants": {
    "shape": {
      "north_south": {
        "model": "railcraft:track_flat_electric"
      },
      "east_west": {
        "model": "railcraft:track_flat_electric", "y": 90
      },
      "ascending_east": {
        "model": "railcraft:track_raised_ne_electric", "y": 90
      },
      "ascending_west": {
        "model": "railcraft:track_raised_sw_electric", "y": 90
      },
      "ascending_north": {
        "model": "railcraft:track_raised_ne_electric"
      },
      "ascending_south": {
        "model": "railcraft:track_raised_sw_electric"
      },
      "south_east": {
        "textures": {
          "rail": "railcraft:blocks/tracks/flex/high_speed_electric_turned"
        },
        "model": "railcraft:track_curved_electric"
      },
      "south_west": {
        "textures": {
          "rail": "railcraft:blocks/tracks/flex/high_speed_electric_turned"
        },
        "model": "railcraft:track_curved_electric", "y": 90
      },
      "north_west": {
        "textures": {
          "rail": "railcraft:blocks/tracks/flex/high_speed_electric_turned"
        },
        "model": "railcraft:track_curved_electric", "y": 180
      },
      "north_east": {
        "textures": {
          "rail": "railcraft:blocks/tracks/flex/high_speed_electric_turned"
        },
        "model": "railcraft:track_curved_electric", "y": 270
      }
    }
  }
}
