{
	"credit": "Made by bballboy2002 with Blockbench, a free, modern block model editor by JannisX11",
	"textures": {
		"particle": "#rail"
	},
	"elements": [
		{
			"name": "Outer SE 1",
			"from": [13, 1, 0],
			"to": [14, 2, 2],
			"shade": true,
			"faces": {
				"north": {"uv": [13, 14, 14, 16], "texture": "#rail"},
				"east": {"uv": [13, 14, 14, 16], "texture": "#rail"},
				"south": {"uv": [13, 14, 14, 16], "texture": "#rail"},
				"west": {"uv": [13, 14, 14, 16], "texture": "#rail"},
				"up": {"uv": [13, 14, 14, 16], "texture": "#rail"},
				"down": {"uv": [13, 14, 14, 16], "texture": "#rail"}
			},
			"rotation": {
				"origin": [21, 8, 9],
				"axis": "y",
				"angle": 0
			}
		},
		{
			"name": "Inner SE 1",
			"from": [12, 1, 0],
			"to": [13, 3, 2],
			"shade": true,
			"faces": {
				"north": {"uv": [12, 0, 13, 2], "texture": "#rail"},
				"east": {"uv": [12, 0, 13, 2], "texture": "#rail"},
				"south": {"uv": [12, 0, 13, 2], "texture": "#rail"},
				"west": {"uv": [12, 0, 13, 2], "texture": "#rail"},
				"up": {"uv": [12, 0, 13, 2], "texture": "#rail"},
				"down": {"uv": [12, 0, 13, 2], "texture": "#rail"}
			},
			"rotation": {
				"origin": [20, 8, 10],
				"axis": "y",
				"angle": 0
			}
		},
		{
			"name": "Tie 4",
			"from": [1, 0, 13],
			"to": [15, 1, 15],
			"shade": true,
			"faces": {
				"north": {
					"uv": [1, 13, 15, 14],
					"texture": "#rail",
					"rotation": 180
				},
				"east": {
					"uv": [14, 13, 15, 15],
					"texture": "#rail",
					"rotation": 90
				},
				"south": {"uv": [1, 14, 15, 15], "texture": "#rail"},
				"west": {
					"uv": [1, 1, 2, 3],
					"texture": "#rail",
					"rotation": 270
				},
				"up": {"uv": [1, 13, 15, 15], "texture": "#rail"},
				"down": {"uv": [1, 1, 15, 3], "texture": "#rail"}
			},
			"rotation": {
				"origin": [8, 8, 8],
				"axis": "y",
				"angle": 0
			}
		},
		{
			"name": "Tie 3",
			"from": [2, 0, 9],
			"to": [15, 1, 11],
			"shade": true,
			"faces": {
				"north": {
					"uv": [2, 9, 15, 10],
					"texture": "#rail",
					"rotation": 180
				},
				"east": {
					"uv": [14, 5, 15, 7],
					"texture": "#rail",
					"rotation": 90
				},
				"south": {"uv": [2, 10, 15, 11], "texture": "#rail"},
				"west": {
					"uv": [2, 5, 3, 7],
					"texture": "#rail",
					"rotation": 270
				},
				"up": {"uv": [2, 9, 15, 11], "texture": "#rail"},
				"down": {"uv": [2, 5, 15, 7], "texture": "#rail"}
			},
			"rotation": {
				"origin": [5, 8, 12],
				"axis": "y",
				"angle": 0
			}
		},
		{
			"name": "Tie 2",
			"from": [2, 0, 5],
			"to": [15, 1, 7],
			"shade": true,
			"faces": {
				"north": {
					"uv": [2, 5, 15, 6],
					"texture": "#rail",
					"rotation": 180
				},
				"east": {
					"uv": [14, 9, 15, 11],
					"texture": "#rail",
					"rotation": 90
				},
				"south": {"uv": [2, 6, 15, 7], "texture": "#rail"},
				"west": {
					"uv": [2, 9, 3, 11],
					"texture": "#rail",
					"rotation": 270
				},
				"up": {"uv": [2, 5, 15, 7], "texture": "#rail"},
				"down": {"uv": [2, 9, 15, 11], "texture": "#rail"}
			},
			"rotation": {
				"origin": [1, 8, 16],
				"axis": "y",
				"angle": 0
			}
		},
		{
			"name": "Tie 1",
			"from": [1, 0, 1],
			"to": [15, 1, 3],
			"shade": true,
			"faces": {
				"north": {
					"uv": [1, 1, 15, 2],
					"texture": "#rail",
					"rotation": 180
				},
				"east": {
					"uv": [14, 1, 15, 3],
					"texture": "#rail",
					"rotation": 90
				},
				"south": {"uv": [1, 2, 15, 3], "texture": "#rail"},
				"west": {
					"uv": [1, 1, 2, 3],
					"texture": "#rail",
					"rotation": 270
				},
				"up": {"uv": [1, 1, 15, 3], "texture": "#rail"},
				"down": {"uv": [1, 13, 15, 15], "texture": "#rail"}
			},
			"rotation": {
				"origin": [-4, 8, 20],
				"axis": "y",
				"angle": 0
			}
		},
		{
			"name": "Inner NE 1",
			"from": [12, 1, 14],
			"to": [13, 3, 16],
			"shade": true,
			"faces": {
				"north": {"uv": [12, 0, 13, 2], "texture": "#rail"},
				"east": {"uv": [12, 0, 13, 2], "texture": "#rail"},
				"south": {"uv": [12, 0, 13, 2], "texture": "#rail"},
				"west": {"uv": [12, 0, 13, 2], "texture": "#rail"},
				"up": {"uv": [12, 0, 13, 2], "texture": "#rail"},
				"down": {"uv": [12, 0, 13, 2], "texture": "#rail"}
			},
			"rotation": {
				"origin": [20, 8, -4],
				"axis": "y",
				"angle": 0
			}
		},
		{
			"name": "Outer SE 2",
			"from": [14, 1, 2],
			"to": [16, 2, 3],
			"shade": true,
			"faces": {
				"north": {"uv": [14, 13, 16, 14], "texture": "#rail"},
				"east": {"uv": [14, 13, 16, 14], "texture": "#rail"},
				"south": {"uv": [14, 13, 16, 14], "texture": "#rail"},
				"west": {"uv": [14, 13, 16, 14], "texture": "#rail"},
				"up": {"uv": [14, 13, 16, 14], "texture": "#rail"},
				"down": {"uv": [14, 13, 16, 14], "texture": "#rail"}
			},
			"rotation": {
				"origin": [22, 8, 8],
				"axis": "y",
				"angle": 0
			}
		},
		{
			"name": "Inner SE 2",
			"from": [13, 1, 2],
			"to": [14, 3, 3],
			"shade": true,
			"faces": {
				"north": {"uv": [12, 0, 13, 2], "texture": "#rail"},
				"east": {"uv": [12, 0, 13, 2], "texture": "#rail"},
				"south": {"uv": [12, 0, 13, 2], "texture": "#rail"},
				"west": {"uv": [12, 0, 13, 2], "texture": "#rail"},
				"up": {"uv": [12, 0, 13, 1], "texture": "#rail"},
				"down": {"uv": [12, 0, 13, 1], "texture": "#rail"}
			},
			"rotation": {
				"origin": [21, 8, 9],
				"axis": "y",
				"angle": 0
			}
		},
		{
			"name": "Inner SE 3",
			"from": [14, 1, 3],
			"to": [16, 3, 4],
			"shade": true,
			"faces": {
				"north": {"uv": [14, 12, 16, 13], "texture": "#rail"},
				"east": {"uv": [14, 12, 16, 13], "texture": "#rail"},
				"south": {"uv": [14, 12, 16, 13], "texture": "#rail"},
				"west": {"uv": [14, 12, 16, 13], "texture": "#rail"},
				"up": {"uv": [14, 12, 16, 13], "texture": "#rail"},
				"down": {"uv": [14, 12, 16, 13], "texture": "#rail"}
			},
			"rotation": {
				"origin": [22, 8, 8],
				"axis": "y",
				"angle": 0
			}
		},
		{
			"name": "Inner NE 2",
			"from": [13, 1, 13],
			"to": [14, 3, 14],
			"shade": true,
			"faces": {
				"north": {"uv": [12, 0, 13, 2], "texture": "#rail"},
				"east": {"uv": [12, 0, 13, 2], "texture": "#rail"},
				"south": {"uv": [12, 0, 13, 2], "texture": "#rail"},
				"west": {"uv": [12, 0, 13, 2], "texture": "#rail"},
				"up": {"uv": [12, 0, 13, 1], "texture": "#rail"},
				"down": {"uv": [12, 0, 13, 1], "texture": "#rail"}
			},
			"rotation": {
				"origin": [21, 8, -2],
				"axis": "y",
				"angle": 0
			}
		},
		{
			"name": "Inner NE 3",
			"from": [14, 1, 12],
			"to": [16, 3, 13],
			"shade": true,
			"faces": {
				"north": {"uv": [14, 3, 16, 4], "texture": "#rail"},
				"east": {"uv": [14, 3, 16, 4], "texture": "#rail"},
				"south": {"uv": [14, 3, 16, 4], "texture": "#rail"},
				"west": {"uv": [14, 3, 16, 4], "texture": "#rail"},
				"up": {"uv": [14, 3, 16, 4], "texture": "#rail"},
				"down": {"uv": [14, 3, 16, 4], "texture": "#rail"}
			},
			"rotation": {
				"origin": [22, 8, -1],
				"axis": "y",
				"angle": 0
			}
		},
		{
			"name": "Outer NE 2",
			"from": [14, 1, 13],
			"to": [16, 2, 14],
			"shade": true,
			"faces": {
				"north": {"uv": [14, 13, 16, 14], "texture": "#rail"},
				"east": {"uv": [14, 13, 16, 14], "texture": "#rail"},
				"south": {"uv": [14, 13, 16, 14], "texture": "#rail"},
				"west": {"uv": [14, 13, 16, 14], "texture": "#rail"},
				"up": {"uv": [14, 13, 16, 14], "texture": "#rail"},
				"down": {"uv": [14, 13, 16, 14], "texture": "#rail"}
			},
			"rotation": {
				"origin": [22, 8, -3],
				"axis": "y",
				"angle": 0
			}
		},
		{
			"name": "Outer NE 1",
			"from": [13, 1, 14],
			"to": [14, 2, 16],
			"shade": true,
			"faces": {
				"north": {"uv": [13, 14, 14, 16], "texture": "#rail"},
				"east": {"uv": [13, 14, 14, 16], "texture": "#rail"},
				"south": {"uv": [13, 14, 14, 16], "texture": "#rail"},
				"west": {"uv": [13, 14, 14, 16], "texture": "#rail"},
				"up": {"uv": [13, 14, 14, 16], "texture": "#rail"},
				"down": {"uv": [13, 14, 14, 16], "texture": "#rail"}
			},
			"rotation": {
				"origin": [21, 8, -5],
				"axis": "y",
				"angle": 0
			}
		},
		{
			"name": "Outer NW 1",
			"from": [2, 1, 13],
			"to": [3, 2, 16],
			"shade": true,
			"faces": {
				"north": {"uv": [2, 0, 3, 3], "texture": "#rail"},
				"east": {"uv": [2, 0, 3, 3], "texture": "#rail"},
				"south": {"uv": [2, 0, 3, 3], "texture": "#rail"},
				"west": {"uv": [2, 0, 3, 3], "texture": "#rail"},
				"up": {"uv": [2, 0, 3, 3], "texture": "#rail"},
				"down": {"uv": [2, 0, 3, 3], "texture": "#rail"}
			}
		},
		{
			"name": "Outer NW 2",
			"from": [3, 1, 11],
			"to": [4, 2, 13],
			"shade": true,
			"faces": {
				"north": {"uv": [2, 0, 3, 2], "texture": "#rail"},
				"east": {"uv": [2, 0, 3, 2], "texture": "#rail"},
				"south": {"uv": [2, 0, 3, 2], "texture": "#rail"},
				"west": {"uv": [2, 0, 3, 2], "texture": "#rail"},
				"up": {"uv": [2, 0, 3, 2], "texture": "#rail"},
				"down": {"uv": [2, 0, 3, 2], "texture": "#rail"}
			}
		},
		{
			"name": "Outer NW 3",
			"from": [4, 1, 9],
			"to": [5, 2, 11],
			"shade": true,
			"faces": {
				"north": {"uv": [2, 0, 3, 2], "texture": "#rail"},
				"east": {"uv": [2, 0, 3, 2], "texture": "#rail"},
				"south": {"uv": [2, 0, 3, 2], "texture": "#rail"},
				"west": {"uv": [2, 0, 3, 2], "texture": "#rail"},
				"up": {"uv": [2, 0, 3, 2], "texture": "#rail"},
				"down": {"uv": [2, 0, 3, 2], "texture": "#rail"}
			}
		},
		{
			"name": "Outer W",
			"from": [5, 1, 7],
			"to": [6, 2, 9],
			"shade": true,
			"faces": {
				"north": {"uv": [2, 0, 3, 2], "texture": "#rail"},
				"east": {"uv": [2, 0, 3, 2], "texture": "#rail"},
				"south": {"uv": [2, 0, 3, 2], "texture": "#rail"},
				"west": {"uv": [2, 0, 3, 2], "texture": "#rail"},
				"up": {"uv": [2, 0, 3, 2], "texture": "#rail"},
				"down": {"uv": [2, 0, 3, 2], "texture": "#rail"}
			}
		},
		{
			"name": "Outer SW 3",
			"from": [4, 1, 5],
			"to": [5, 2, 7],
			"shade": true,
			"faces": {
				"north": {"uv": [2, 0, 3, 2], "texture": "#rail"},
				"east": {"uv": [2, 0, 3, 2], "texture": "#rail"},
				"south": {"uv": [2, 0, 3, 2], "texture": "#rail"},
				"west": {"uv": [2, 0, 3, 2], "texture": "#rail"},
				"up": {"uv": [2, 0, 3, 2], "texture": "#rail"},
				"down": {"uv": [2, 0, 3, 2], "texture": "#rail"}
			}
		},
		{
			"name": "Outer SW 2",
			"from": [3, 1, 3],
			"to": [4, 2, 5],
			"shade": true,
			"faces": {
				"north": {"uv": [2, 0, 3, 2], "texture": "#rail"},
				"east": {"uv": [2, 0, 3, 2], "texture": "#rail"},
				"south": {"uv": [2, 0, 3, 2], "texture": "#rail"},
				"west": {"uv": [2, 0, 3, 2], "texture": "#rail"},
				"up": {"uv": [2, 0, 3, 2], "texture": "#rail"},
				"down": {"uv": [2, 0, 3, 2], "texture": "#rail"}
			}
		},
		{
			"name": "Outer SW 1",
			"from": [2, 1, 0],
			"to": [3, 2, 3],
			"shade": true,
			"faces": {
				"north": {"uv": [2, 0, 3, 3], "texture": "#rail"},
				"east": {"uv": [2, 0, 3, 3], "texture": "#rail"},
				"south": {"uv": [2, 0, 3, 3], "texture": "#rail"},
				"west": {"uv": [2, 0, 3, 3], "texture": "#rail"},
				"up": {"uv": [2, 0, 3, 3], "texture": "#rail"},
				"down": {"uv": [2, 0, 3, 3], "texture": "#rail"}
			}
		},
		{
			"name": "Inner NW 1",
			"from": [3, 1, 13],
			"to": [4, 3, 16],
			"shade": true,
			"faces": {
				"north": {"uv": [3, 0, 4, 3], "texture": "#rail"},
				"east": {"uv": [3, 0, 4, 3], "texture": "#rail"},
				"south": {"uv": [3, 0, 4, 3], "texture": "#rail"},
				"west": {"uv": [3, 0, 4, 3], "texture": "#rail"},
				"up": {"uv": [3, 0, 4, 3], "texture": "#rail"},
				"down": {"uv": [3, 0, 4, 3], "texture": "#rail"}
			}
		},
		{
			"name": "Inner NW 2",
			"from": [4, 1, 11],
			"to": [5, 3, 13],
			"shade": true,
			"faces": {
				"north": {"uv": [4, 3, 5, 5], "texture": "#rail"},
				"east": {"uv": [4, 3, 5, 5], "texture": "#rail"},
				"south": {"uv": [4, 3, 5, 5], "texture": "#rail"},
				"west": {"uv": [4, 3, 5, 5], "texture": "#rail"},
				"up": {"uv": [4, 3, 5, 5], "texture": "#rail"},
				"down": {"uv": [4, 3, 5, 5], "texture": "#rail"}
			}
		},
		{
			"name": "Inner NW 3",
			"from": [5, 1, 9],
			"to": [6, 3, 10],
			"shade": true,
			"faces": {
				"north": {"uv": [4, 3, 5, 4], "texture": "#rail"},
				"east": {"uv": [4, 3, 5, 4], "texture": "#rail"},
				"south": {"uv": [4, 3, 5, 4], "texture": "#rail"},
				"west": {"uv": [4, 3, 5, 4], "texture": "#rail"},
				"up": {"uv": [4, 3, 5, 4], "texture": "#rail"},
				"down": {"uv": [4, 3, 5, 4], "texture": "#rail"}
			}
		},
		{
			"name": "Inner SW 3",
			"from": [5, 1, 6],
			"to": [6, 3, 7],
			"shade": true,
			"faces": {
				"north": {"uv": [4, 3, 5, 4], "texture": "#rail"},
				"east": {"uv": [4, 3, 5, 4], "texture": "#rail"},
				"south": {"uv": [4, 3, 5, 4], "texture": "#rail"},
				"west": {"uv": [4, 3, 5, 4], "texture": "#rail"},
				"up": {"uv": [4, 3, 5, 4], "texture": "#rail"},
				"down": {"uv": [4, 3, 5, 4], "texture": "#rail"}
			}
		},
		{
			"name": "Inner SW 2",
			"from": [4, 1, 3],
			"to": [5, 3, 5],
			"shade": true,
			"faces": {
				"north": {"uv": [4, 3, 5, 5], "texture": "#rail"},
				"east": {"uv": [4, 3, 5, 5], "texture": "#rail"},
				"south": {"uv": [4, 3, 5, 5], "texture": "#rail"},
				"west": {"uv": [4, 3, 5, 5], "texture": "#rail"},
				"up": {"uv": [4, 3, 5, 5], "texture": "#rail"},
				"down": {"uv": [4, 3, 5, 5], "texture": "#rail"}
			}
		},
		{
			"name": "Inner SW 1",
			"from": [3, 1, 0],
			"to": [4, 3, 3],
			"shade": true,
			"faces": {
				"north": {"uv": [3, 13, 4, 16], "texture": "#rail"},
				"east": {"uv": [3, 13, 4, 16], "texture": "#rail"},
				"south": {"uv": [3, 13, 4, 16], "texture": "#rail"},
				"west": {"uv": [3, 13, 4, 16], "texture": "#rail"},
				"up": {"uv": [3, 13, 4, 16], "texture": "#rail"},
				"down": {"uv": [3, 13, 4, 16], "texture": "#rail"}
			}
		},
		{
			"name": "Inner W",
			"from": [6, 1, 7],
			"to": [7, 3, 9],
			"shade": true,
			"faces": {
				"north": {"uv": [4, 3, 5, 5], "texture": "#rail"},
				"east": {"uv": [4, 3, 5, 5], "texture": "#rail"},
				"south": {"uv": [4, 3, 5, 5], "texture": "#rail"},
				"west": {"uv": [4, 3, 5, 5], "texture": "#rail"},
				"up": {"uv": [4, 3, 5, 5], "texture": "#rail"},
				"down": {"uv": [4, 3, 5, 5], "texture": "#rail"}
			}
		},
		{
			"name": "Inner N 1",
			"from": [7, 1, 9],
			"to": [8, 3, 11],
			"shade": true,
			"faces": {
				"north": {"uv": [4, 3, 5, 5], "texture": "#rail"},
				"east": {"uv": [4, 3, 5, 5], "texture": "#rail"},
				"south": {"uv": [4, 3, 5, 5], "texture": "#rail"},
				"west": {"uv": [4, 3, 5, 5], "texture": "#rail"},
				"up": {"uv": [4, 3, 5, 5], "texture": "#rail"},
				"down": {"uv": [4, 3, 5, 5], "texture": "#rail"}
			}
		},
		{
			"name": "Inner N 2",
			"from": [8, 1, 11],
			"to": [9, 3, 12],
			"shade": true,
			"faces": {
				"north": {"uv": [4, 3, 5, 5], "texture": "#rail"},
				"east": {"uv": [4, 3, 5, 5], "texture": "#rail"},
				"south": {"uv": [4, 3, 5, 5], "texture": "#rail"},
				"west": {"uv": [4, 3, 5, 5], "texture": "#rail"},
				"up": {"uv": [4, 3, 5, 4], "texture": "#rail"},
				"down": {"uv": [4, 3, 5, 4], "texture": "#rail"}
			}
		},
		{
			"name": "Inner N 3",
			"from": [9, 1, 12],
			"to": [11, 3, 13],
			"shade": true,
			"faces": {
				"north": {"uv": [9, 12, 11, 13], "texture": "#rail"},
				"east": {"uv": [9, 12, 11, 13], "texture": "#rail"},
				"south": {"uv": [9, 12, 11, 13], "texture": "#rail"},
				"west": {"uv": [9, 12, 11, 13], "texture": "#rail"},
				"up": {"uv": [9, 12, 11, 13], "texture": "#rail"},
				"down": {"uv": [9, 12, 11, 13], "texture": "#rail"}
			}
		},
		{
			"name": "Outer N 4",
			"from": [9, 1, 13],
			"to": [11, 2, 14],
			"shade": true,
			"faces": {
				"north": {"uv": [9, 13, 11, 14], "texture": "#rail"},
				"east": {"uv": [9, 13, 11, 14], "texture": "#rail"},
				"south": {"uv": [9, 13, 11, 14], "texture": "#rail"},
				"west": {"uv": [9, 13, 11, 14], "texture": "#rail"},
				"up": {"uv": [9, 13, 11, 14], "texture": "#rail"},
				"down": {"uv": [9, 13, 11, 14], "texture": "#rail"}
			}
		},
		{
			"name": "Outer N 3",
			"from": [8, 1, 12],
			"to": [9, 2, 13],
			"shade": true,
			"faces": {
				"north": {"uv": [8, 12, 9, 13], "texture": "#rail"},
				"east": {"uv": [8, 12, 9, 13], "texture": "#rail"},
				"south": {"uv": [8, 12, 9, 13], "texture": "#rail"},
				"west": {"uv": [8, 12, 9, 13], "texture": "#rail"},
				"up": {"uv": [8, 12, 9, 13], "texture": "#rail"},
				"down": {"uv": [8, 12, 9, 13], "texture": "#rail"}
			}
		},
		{
			"name": "Outer N 2",
			"from": [7, 1, 11],
			"to": [8, 2, 12],
			"shade": true,
			"faces": {
				"north": {"uv": [7, 11, 8, 12], "texture": "#rail"},
				"east": {"uv": [7, 11, 8, 12], "texture": "#rail"},
				"south": {"uv": [7, 11, 8, 12], "texture": "#rail"},
				"west": {"uv": [7, 11, 8, 12], "texture": "#rail"},
				"up": {"uv": [7, 11, 8, 12], "texture": "#rail"},
				"down": {"uv": [7, 11, 8, 12], "texture": "#rail"}
			}
		},
		{
			"name": "Outer N 1",
			"from": [6, 1, 9],
			"to": [7, 2, 11],
			"shade": true,
			"faces": {
				"north": {"uv": [6, 9, 7, 11], "texture": "#rail"},
				"east": {"uv": [6, 9, 7, 11], "texture": "#rail"},
				"south": {"uv": [6, 9, 7, 11], "texture": "#rail"},
				"west": {"uv": [6, 9, 7, 11], "texture": "#rail"},
				"up": {"uv": [6, 9, 7, 11], "texture": "#rail"},
				"down": {"uv": [6, 9, 7, 11], "texture": "#rail"}
			}
		},
		{
			"name": "Outer S 1",
			"from": [6, 1, 6],
			"to": [7, 2, 7],
			"shade": true,
			"faces": {
				"north": {"uv": [6, 6, 7, 7], "texture": "#rail"},
				"east": {"uv": [6, 6, 7, 7], "texture": "#rail"},
				"south": {"uv": [6, 6, 7, 7], "texture": "#rail"},
				"west": {"uv": [6, 6, 7, 7], "texture": "#rail"},
				"up": {"uv": [6, 6, 7, 7], "texture": "#rail"},
				"down": {"uv": [6, 6, 7, 7], "texture": "#rail"}
			}
		},
		{
			"name": "Outer S 2",
			"from": [7, 1, 5],
			"to": [8, 2, 6],
			"shade": true,
			"faces": {
				"north": {"uv": [6, 6, 7, 7], "texture": "#rail"},
				"east": {"uv": [6, 6, 7, 7], "texture": "#rail"},
				"south": {"uv": [6, 6, 7, 7], "texture": "#rail"},
				"west": {"uv": [6, 6, 7, 7], "texture": "#rail"},
				"up": {"uv": [6, 6, 7, 7], "texture": "#rail"},
				"down": {"uv": [6, 6, 7, 7], "texture": "#rail"}
			}
		},
		{
			"name": "Outer S 3",
			"from": [8, 1, 4],
			"to": [10, 2, 5],
			"shade": true,
			"faces": {
				"north": {"uv": [8, 4, 10, 5], "texture": "#rail"},
				"east": {"uv": [8, 4, 10, 5], "texture": "#rail"},
				"south": {"uv": [8, 4, 10, 5], "texture": "#rail"},
				"west": {"uv": [8, 4, 10, 5], "texture": "#rail"},
				"up": {"uv": [8, 4, 10, 5], "texture": "#rail"},
				"down": {"uv": [8, 4, 10, 5], "texture": "#rail"}
			}
		},
		{
			"name": "Outer S 4",
			"from": [10, 1, 3],
			"to": [13, 2, 4],
			"shade": true,
			"faces": {
				"north": {"uv": [10, 3, 13, 4], "texture": "#rail"},
				"east": {"uv": [10, 3, 13, 4], "texture": "#rail"},
				"south": {"uv": [10, 3, 13, 4], "texture": "#rail"},
				"west": {"uv": [10, 3, 13, 4], "texture": "#rail"},
				"up": {"uv": [10, 3, 13, 4], "texture": "#rail"},
				"down": {"uv": [10, 3, 13, 4], "texture": "#rail"}
			}
		},
		{
			"name": "Inner S 3",
			"from": [10, 1, 4],
			"to": [12, 3, 5],
			"shade": true,
			"faces": {
				"north": {"uv": [10, 4, 12, 5], "texture": "#rail"},
				"east": {"uv": [10, 4, 12, 5], "texture": "#rail"},
				"south": {"uv": [10, 4, 12, 5], "texture": "#rail"},
				"west": {"uv": [10, 4, 12, 5], "texture": "#rail"},
				"up": {"uv": [10, 4, 12, 5], "texture": "#rail"},
				"down": {"uv": [10, 4, 12, 5], "texture": "#rail"}
			}
		},
		{
			"name": "Inner S 2",
			"from": [8, 1, 5],
			"to": [10, 3, 6],
			"shade": true,
			"faces": {
				"north": {"uv": [8, 5, 10, 6], "texture": "#rail"},
				"east": {"uv": [8, 5, 10, 6], "texture": "#rail"},
				"south": {"uv": [8, 5, 10, 6], "texture": "#rail"},
				"west": {"uv": [8, 5, 10, 6], "texture": "#rail"},
				"up": {"uv": [8, 5, 10, 6], "texture": "#rail"},
				"down": {"uv": [8, 5, 10, 6], "texture": "#rail"}
			}
		},
		{
			"name": "Inner S 1",
			"from": [7, 1, 6],
			"to": [8, 3, 7],
			"shade": true,
			"faces": {
				"north": {"uv": [7, 6, 8, 7], "texture": "#rail"},
				"east": {"uv": [7, 6, 8, 7], "texture": "#rail"},
				"south": {"uv": [7, 6, 8, 7], "texture": "#rail"},
				"west": {"uv": [7, 6, 8, 7], "texture": "#rail"},
				"up": {"uv": [7, 6, 8, 7], "texture": "#rail"},
				"down": {"uv": [7, 6, 8, 7], "texture": "#rail"}
			}
		},
		{
			"name": "Tie 5",
			"from": [2, 0, 7],
			"to": [9, 1, 9],
			"shade": true,
			"faces": {
				"north": {"uv": [1, 6, 8, 7], "texture": "#rail"},
				"east": {
					"uv": [8, 7, 9, 9],
					"texture": "#rail",
					"rotation": 90
				},
				"south": {
					"uv": [1, 5, 8, 6],
					"texture": "#rail",
					"rotation": 180
				},
				"west": {
					"uv": [2, 7, 3, 9],
					"texture": "#rail",
					"rotation": 270
				},
				"up": {"uv": [2, 7, 9, 9], "texture": "#rail"},
				"down": {"uv": [2, 7, 9, 9], "texture": "#rail"}
			},
			"rotation": {
				"origin": [5, 8, 14],
				"axis": "y",
				"angle": 0
			}
		},
		{
			"name": "Tie 6",
			"from": [6, 0, 0],
			"to": [8, 1, 16],
			"shade": true,
			"faces": {
				"north": {
					"uv": [6, 0, 8, 1],
					"texture": "#rail",
					"rotation": 180
				},
				"east": {
					"uv": [7, 0, 8, 16],
					"texture": "#rail",
					"rotation": 90
				},
				"south": {"uv": [6, 15, 8, 16], "texture": "#rail"},
				"west": {
					"uv": [6, 0, 7, 16],
					"texture": "#rail",
					"rotation": 270
				},
				"up": {"uv": [6, 0, 8, 16], "texture": "#rail"},
				"down": {"uv": [6, 0, 8, 16], "texture": "#rail"}
			},
			"rotation": {
				"origin": [9, 8, 7],
				"axis": "y",
				"angle": 0
			}
		},
		{
			"name": "Tie 7",
			"from": [12, 0, 2],
			"to": [14, 1, 14],
			"shade": true,
			"faces": {
				"north": {"uv": [6, 15, 8, 16], "texture": "#rail"},
				"east": {
					"uv": [13, 2, 14, 14],
					"texture": "#rail",
					"rotation": 90
				},
				"south": {
					"uv": [6, 0, 8, 1],
					"texture": "#rail",
					"rotation": 180
				},
				"west": {
					"uv": [12, 2, 13, 14],
					"texture": "#rail",
					"rotation": 270
				},
				"up": {"uv": [12, 2, 14, 14], "texture": "#rail"},
				"down": {"uv": [12, 2, 14, 14], "texture": "#rail"}
			},
			"rotation": {
				"origin": [15, 8, 9],
				"axis": "y",
				"angle": 0
			}
		},
		{
			"name": "Tie 8",
			"from": [11, 0, 11],
			"to": [15, 1, 15],
			"shade": true,
			"faces": {
				"north": {"uv": [11, 4, 15, 5], "texture": "#rail"},
				"east": {
					"uv": [14, 11, 15, 15],
					"texture": "#rail",
					"rotation": 90
				},
				"south": {"uv": [11, 14, 15, 15], "texture": "#rail"},
				"west": {
					"uv": [11, 2, 12, 6],
					"texture": "#rail",
					"rotation": 270
				},
				"up": {"uv": [11, 11, 15, 15], "texture": "#rail"},
				"down": {"uv": [11, 1, 15, 5], "texture": "#rail"}
			},
			"rotation": {
				"origin": [14, 8, 8],
				"axis": "y",
				"angle": 0
			}
		},
		{
			"name": "Tie 9",
			"from": [11, 0, 1],
			"to": [15, 1, 5],
			"shade": true,
			"faces": {
				"north": {
					"uv": [11, 1, 15, 2],
					"texture": "#rail",
					"rotation": 180
				},
				"east": {
					"uv": [14, 1, 15, 5],
					"texture": "#rail",
					"rotation": 90
				},
				"south": {
					"uv": [11, 11, 15, 12],
					"texture": "#rail",
					"rotation": 180
				},
				"west": {
					"uv": [11, 11, 12, 15],
					"texture": "#rail",
					"rotation": 270
				},
				"up": {"uv": [11, 1, 15, 5], "texture": "#rail"},
				"down": {"uv": [11, 11, 15, 15], "texture": "#rail"}
			},
			"rotation": {
				"origin": [14, 8, 18],
				"axis": "y",
				"angle": 0
			}
		}
	],
	"display": {
		"thirdperson_righthand": {
			"rotation": [0, 0, 0],
			"translation": [-0.5, 0, 0],
			"scale": [1, 0, 0]
		},
		"thirdperson_lefthand": {},
		"firstperson_righthand": {},
		"firstperson_lefthand": {},
		"head": {},
		"ground": {},
		"fixed": {},
		"gui": {}
	}
}
