{
	"__comment": "Designed by HanFox with Cubik - http://bdcraft.net",
	"parent": "block/block",
	"textures": {
		"particle": "forestry:blocks/wood/planks.ebony",
		"post": "forestry:blocks/fences/bdc_fence_post_side1",
		"top": "forestry:blocks/fences/bdc_fence_post_top1",
		"crossbartop": "forestry:blocks/fences/bdc_fence_crossbar_top1",
		"crossbarside": "forestry:blocks/fences/bdc_fence_crossbar_side1"
	},
	"elements": [
		{
			"__comment": "Inner vertical post of left-hand gate door",
			"from": [ 7, 3, 6 ],
			"to": [ 9, 12, 8 ],
			"faces": {
				"down": { "uv": [ 12, 4, 16, 8 ], "texture": "#top", "rotation": 270 },
				"up": { "uv": [ 12, 8, 16, 4 ], "texture": "#top", "rotation": 90 },
				"north": { "uv": [ 12, 8, 16, 16 ], "texture": "#post" },
				"south": { "uv": [ 12, 8, 16, 16 ], "texture": "#post" },
				"west": { "uv": [ 12, 8, 16, 16 ], "texture": "#post" },
				"east": { "uv": [ 12, 8, 16, 16 ], "texture": "#post" }
			}
		},
		{
			"__comment": "Inner vertical post of right-hand gate door",
			"from": [ 7, 3, 8 ],
			"to": [ 9, 12, 10 ],
			"faces": {
				"down": { "uv": [ 12, 4, 16, 8 ], "texture": "#top", "rotation": 270 },
				"up": { "uv": [ 12, 8, 16, 4 ], "texture": "#top", "rotation": 90 },
				"north": { "uv": [ 12, 8, 16, 16 ], "texture": "#post" },
				"south": { "uv": [ 12, 8, 16, 16 ], "texture": "#post" },
				"west": { "uv": [ 12, 8, 16, 16 ], "texture": "#post" },
				"east": { "uv": [ 12, 8, 16, 16 ], "texture": "#post" }
			}
		},
		{
			"__comment": "Upper horizontal bar of left-hand gate door",
			"from": [ 7, 9, 12 ],
			"to": [ 9, 12, 14 ],
			"faces": {
				"down": { "uv": [ 14, 8, 16, 6 ], "texture": "#crossbartop", "rotation": 90 },
				"up": { "uv": [ 13.5, 6, 11, 8 ], "texture": "#crossbartop", "rotation": 270 },
				"west": { "uv": [ 13, 9, 10.5, 12 ], "texture": "#crossbarside" },
				"east": { "uv": [ 10.5, 9, 13, 12 ], "texture": "#crossbarside" }
			}
		},
		{
			"__comment": "Upper horizontal bar of left-hand gate door2",
			"from": [ 7, 9, 10 ],
			"to": [ 9, 12, 12 ],
			"faces": {
				"down": { "uv": [ 14, 8, 16, 6 ], "texture": "#crossbartop", "rotation": 90 },
				"up": { "uv": [ 11, 6, 13.5, 8 ], "texture": "#crossbartop", "rotation": 270 },
				"west": { "uv": [ 10.5, 9, 13, 12 ], "texture": "#crossbarside" },
				"east": { "uv": [ 13, 9, 10.5, 12 ], "texture": "#crossbarside" }
			}
		},
		{
			"__comment": "Lower horizontal bar of left-hand gate door",
			"from": [ 7, 3, 12 ],
			"to": [ 9, 6, 14 ],
			"faces": {
				"down": { "uv": [ 14, 8, 16, 6 ], "texture": "#crossbartop", "rotation": 90 },
				"up": { "uv": [ 13.5, 6, 11, 8 ], "texture": "#crossbartop", "rotation": 270 },
				"west": { "uv": [ 13, 9, 10.5, 12 ], "texture": "#crossbarside" },
				"east": { "uv": [ 10.5, 9, 13, 12 ], "texture": "#crossbarside" }
			}
		},
		{
			"__comment": "Lower horizontal bar of left-hand gate door2",
			"from": [ 7, 3, 10 ],
			"to": [ 9, 6, 12 ],
			"faces": {
				"down": { "uv": [ 14, 8, 16, 6 ], "texture": "#crossbartop", "rotation": 90 },
				"up": { "uv": [ 11, 6, 13.5, 8 ], "texture": "#crossbartop", "rotation": 270 },
				"west": { "uv": [ 10.5, 9, 13, 12 ], "texture": "#crossbarside" },
				"east": { "uv": [ 13, 9, 10.5, 12 ], "texture": "#crossbarside" }
			}
		},
		{
			"__comment": "Lower horizontal bar of right-hand gate door",
			"from": [ 7, 3, 4 ],
			"to": [ 9, 6, 6 ],
			"faces": {
				"down": { "uv": [ 14, 8, 16, 6 ], "texture": "#crossbartop", "rotation": 90 },
				"up": { "uv": [ 13.5, 6, 11, 8 ], "texture": "#crossbartop", "rotation": 270 },
				"west": { "uv": [ 13, 9, 10.5, 12 ], "texture": "#crossbarside" },
				"east": { "uv": [ 10.5, 9, 13, 12 ], "texture": "#crossbarside" }
			}
		},
		{
			"__comment": "Upper horizontal bar of right-hand gate door2",
			"from": [ 7, 9, 2 ],
			"to": [ 9, 12, 4 ],
			"faces": {
				"down": { "uv": [ 14, 8, 16, 6 ], "texture": "#crossbartop", "rotation": 90 },
				"up": { "uv": [ 11, 6, 13.5, 8 ], "texture": "#crossbartop", "rotation": 270 },
				"west": { "uv": [ 10.5, 9, 13, 12 ], "texture": "#crossbarside" },
				"east": { "uv": [ 13, 9, 10.5, 12 ], "texture": "#crossbarside" }
			}
		},
		{
			"__comment": "Upper horizontal bar of right-hand gate door",
			"from": [ 7, 9, 4 ],
			"to": [ 9, 12, 6 ],
			"faces": {
				"down": { "uv": [ 14, 8, 16, 6 ], "texture": "#crossbartop", "rotation": 90 },
				"up": { "uv": [ 13.5, 6, 11, 8 ], "texture": "#crossbartop", "rotation": 270 },
				"west": { "uv": [ 13, 9, 10.5, 12 ], "texture": "#crossbarside" },
				"east": { "uv": [ 10.5, 9, 13, 12 ], "texture": "#crossbarside" }
			}
		},
		{
			"__comment": "Lower horizontal bar of right-hand gate door2",
			"from": [ 7, 3, 2 ],
			"to": [ 9, 6, 4 ],
			"faces": {
				"down": { "uv": [ 14, 8, 16, 6 ], "texture": "#crossbartop", "rotation": 90 },
				"up": { "uv": [ 11, 6, 13.5, 8 ], "texture": "#crossbartop", "rotation": 270 },
				"west": { "uv": [ 10.5, 9, 13, 12 ], "texture": "#crossbarside" },
				"east": { "uv": [ 13, 9, 10.5, 12 ], "texture": "#crossbarside" }
			}
		}
	]
}
