{
	"__comment": "Designed by HanFox with Cubik - http://bdcraft.net",
	"parent": "block/block",
	"textures": {
		"particle": "forestry:blocks/wood/planks.giganteum",
		"post": "forestry:blocks/fences/bdc_fence_post_side4",
		"top": "forestry:blocks/fences/bdc_fence_post_top2",
		"crossbartop": "forestry:blocks/fences/bdc_fence_crossbar_top2",
		"crossbarside": "forestry:blocks/fences/bdc_fence_crossbar_side3"
	},
	"elements": [
		{
			"__comment": "Inner vertical post of left-hand gate door",
			"from": [ 6, 3, 7 ],
			"to": [ 8, 12, 9 ],
			"faces": {
				"down": { "uv": [ 0, 16, 4, 12 ], "texture": "#top" },
				"up": { "uv": [ 0, 12, 4, 16 ], "texture": "#top" },
				"north": { "uv": [ 0, 8, 4, 16 ], "texture": "#post" },
				"south": { "uv": [ 0, 8, 4, 16 ], "texture": "#post" },
				"west": { "uv": [ 0, 8, 4, 16 ], "texture": "#post" },
				"east": { "uv": [ 0, 8, 4, 16 ], "texture": "#post" }
			}
		},
		{
			"__comment": "Inner vertical post of right-hand gate door",
			"from": [ 8, 3, 7 ],
			"to": [ 10, 12, 9 ],
			"faces": {
				"down": { "uv": [ 0, 16, 4, 12 ], "texture": "#top" },
				"up": { "uv": [ 0, 12, 4, 16 ], "texture": "#top" },
				"north": { "uv": [ 0, 8, 4, 16 ], "texture": "#post" },
				"south": { "uv": [ 0, 8, 4, 16 ], "texture": "#post" },
				"west": { "uv": [ 0, 8, 4, 16 ], "texture": "#post" },
				"east": { "uv": [ 0, 8, 4, 16 ], "texture": "#post" }
			}
		},
		{
			"__comment": "Upper horizontal bar of left-hand gate door",
			"from": [ 2, 9, 7 ],
			"to": [ 4, 12, 9 ],
			"faces": {
				"down": { "uv": [ 6, 14, 8, 12 ], "texture": "#crossbartop" },
				"up": { "uv": [ 5.5, 12, 3, 14 ], "texture": "#crossbartop" },
				"north": { "uv": [ 5, 12, 2.5, 15 ], "texture": "#crossbarside" },
				"south": { "uv": [ 2.5, 12, 5, 15 ], "texture": "#crossbarside" }
			}
		},
		{
			"__comment": "Upper horizontal bar of left-hand gate door2",
			"from": [ 4, 9, 7 ],
			"to": [ 6, 12, 9 ],
			"faces": {
				"down": { "uv": [ 6, 14, 8, 12 ], "texture": "#crossbartop" },
				"up": { "uv": [ 3, 12, 5.5, 14 ], "texture": "#crossbartop" },
				"north": { "uv": [ 2.5, 12, 5, 15 ], "texture": "#crossbarside" },
				"south": { "uv": [ 5, 12, 2.5, 15 ], "texture": "#crossbarside" }
			}
		},
		{
			"__comment": "Lower horizontal bar of left-hand gate door",
			"from": [ 2, 3, 7 ],
			"to": [ 4, 6, 9 ],
			"faces": {
				"down": { "uv": [ 6, 14, 8, 12 ], "texture": "#crossbartop" },
				"up": { "uv": [ 5.5, 12, 3, 14 ], "texture": "#crossbartop" },
				"north": { "uv": [ 5, 12, 2.5, 15 ], "texture": "#crossbarside" },
				"south": { "uv": [ 2.5, 12, 5, 15 ], "texture": "#crossbarside" }
			}
		},
		{
			"__comment": "Lower horizontal bar of left-hand gate door2",
			"from": [ 4, 3, 7 ],
			"to": [ 6, 6, 9 ],
			"faces": {
				"down": { "uv": [ 6, 14, 8, 12 ], "texture": "#crossbartop" },
				"up": { "uv": [ 3, 12, 5.5, 14 ], "texture": "#crossbartop" },
				"north": { "uv": [ 2.5, 12, 5, 15 ], "texture": "#crossbarside" },
				"south": { "uv": [ 5, 12, 2.5, 15 ], "texture": "#crossbarside" }
			}
		},
		{
			"__comment": "Lower horizontal bar of right-hand gate door",
			"from": [ 10, 3, 7 ],
			"to": [ 12, 6, 9 ],
			"faces": {
				"down": { "uv": [ 6, 14, 8, 12 ], "texture": "#crossbartop" },
				"up": { "uv": [ 5.5, 12, 3, 14 ], "texture": "#crossbartop" },
				"north": { "uv": [ 5, 12, 2.5, 15 ], "texture": "#crossbarside" },
				"south": { "uv": [ 2.5, 12, 5, 15 ], "texture": "#crossbarside" }
			}
		},
		{
			"__comment": "Upper horizontal bar of right-hand gate door2",
			"from": [ 12, 9, 7 ],
			"to": [ 14, 12, 9 ],
			"faces": {
				"down": { "uv": [ 6, 14, 8, 12 ], "texture": "#crossbartop" },
				"up": { "uv": [ 3, 12, 5.5, 14 ], "texture": "#crossbartop" },
				"north": { "uv": [ 2.5, 12, 5, 15 ], "texture": "#crossbarside" },
				"south": { "uv": [ 5, 12, 2.5, 15 ], "texture": "#crossbarside" }
			}
		},
		{
			"__comment": "Upper horizontal bar of right-hand gate door",
			"from": [ 10, 9, 7 ],
			"to": [ 12, 12, 9 ],
			"faces": {
				"down": { "uv": [ 6, 14, 8, 12 ], "texture": "#crossbartop" },
				"up": { "uv": [ 5.5, 12, 3, 14 ], "texture": "#crossbartop" },
				"north": { "uv": [ 5, 12, 2.5, 15 ], "texture": "#crossbarside" },
				"south": { "uv": [ 2.5, 12, 5, 15 ], "texture": "#crossbarside" }
			}
		},
		{
			"__comment": "Lower horizontal bar of right-hand gate door2",
			"from": [ 12, 3, 7 ],
			"to": [ 14, 6, 9 ],
			"faces": {
				"down": { "uv": [ 6, 14, 8, 12 ], "texture": "#crossbartop" },
				"up": { "uv": [ 3, 12, 5.5, 14 ], "texture": "#crossbartop" },
				"north": { "uv": [ 2.5, 12, 5, 15 ], "texture": "#crossbarside" },
				"south": { "uv": [ 5, 12, 2.5, 15 ], "texture": "#crossbarside" }
			}
		}
	]
}
