{
	"__comment": "Designed by HanFox with Cubik - http://bdcraft.net",
	"parent": "block/block",
	"textures": {
		"particle": "forestry:blocks/wood/planks.giganteum",
		"post": "forestry:blocks/fences/bdc_fence_post_side4",
		"top": "forestry:blocks/fences/bdc_fence_post_top2",
		"crossbartop": "forestry:blocks/fences/bdc_fence_crossbar_top2",
		"crossbarside": "forestry:blocks/fences/bdc_fence_crossbar_side3"
	},
	"elements": [
		{
			"__comment": "Inner vertical post of left-hand gate door",
			"from": [ 0, 6, 13 ],
			"to": [ 2, 15, 15 ],
			"faces": {
				"down": { "uv": [ 0, 16, 4, 12 ], "texture": "#top" },
				"up": { "uv": [ 0, 12, 4, 16 ], "texture": "#top" },
				"north": { "uv": [ 0, 8, 4, 16 ], "texture": "#post" },
				"south": { "uv": [ 0, 8, 4, 16 ], "texture": "#post" },
				"west": { "uv": [ 0, 8, 4, 16 ], "texture": "#post" },
				"east": { "uv": [ 0, 8, 4, 16 ], "texture": "#post" }
			}
		},
		{
			"__comment": "Inner vertical post of right-hand gate door",
			"from": [ 14, 6, 13 ],
			"to": [ 16, 15, 15 ],
			"faces": {
				"down": { "uv": [ 0, 16, 4, 12 ], "texture": "#top" },
				"up": { "uv": [ 0, 12, 4, 16 ], "texture": "#top" },
				"north": { "uv": [ 0, 8, 4, 16 ], "texture": "#post" },
				"south": { "uv": [ 0, 8, 4, 16 ], "texture": "#post" },
				"west": { "uv": [ 0, 8, 4, 16 ], "texture": "#post" },
				"east": { "uv": [ 0, 8, 4, 16 ], "texture": "#post" }
			}
		},
		{
			"__comment": "Upper horizontal bar of left-hand gate door",
			"from": [ 0, 12, 11 ],
			"to": [ 2, 15, 13 ],
			"faces": {
				"down": { "uv": [ 6, 12, 8, 14 ], "texture": "#crossbartop", "rotation": 270 },
				"up": { "uv": [ 5.5, 12, 3, 14 ], "texture": "#crossbartop", "rotation": 270 },
				"west": { "uv": [ 5, 12, 2.5, 15 ], "texture": "#crossbarside" },
				"east": { "uv": [ 2.5, 12, 5, 15 ], "texture": "#crossbarside" }
			}
		},
		{
			"__comment": "Upper horizontal bar of left-hand gate door2",
			"from": [ 0, 12, 9 ],
			"to": [ 2, 15, 11 ],
			"faces": {
				"down": { "uv": [ 6, 12, 8, 14 ], "texture": "#crossbartop", "rotation": 270 },
				"up": { "uv": [ 3, 12, 5.5, 14 ], "texture": "#crossbartop", "rotation": 270 },
				"west": { "uv": [ 2.5, 12, 5, 15 ], "texture": "#crossbarside" },
				"east": { "uv": [ 5, 12, 2.5, 15 ], "texture": "#crossbarside" }
			}
		},
		{
			"__comment": "Lower horizontal bar of left-hand gate door",
			"from": [ 0, 6, 11 ],
			"to": [ 2, 9, 13 ],
			"faces": {
				"down": { "uv": [ 6, 12, 8, 14 ], "texture": "#crossbartop", "rotation": 270 },
				"up": { "uv": [ 5.5, 12, 3, 14 ], "texture": "#crossbartop", "rotation": 270 },
				"west": { "uv": [ 5, 12, 2.5, 15 ], "texture": "#crossbarside" },
				"east": { "uv": [ 2.5, 12, 5, 15 ], "texture": "#crossbarside" }
			}
		},
		{
			"__comment": "Lower horizontal bar of left-hand gate door2",
			"from": [ 0, 6, 9 ],
			"to": [ 2, 9, 11 ],
			"faces": {
				"down": { "uv": [ 6, 12, 8, 14 ], "texture": "#crossbartop", "rotation": 270 },
				"up": { "uv": [ 3, 12, 5.5, 14 ], "texture": "#crossbartop", "rotation": 270 },
				"west": { "uv": [ 2.5, 12, 5, 15 ], "texture": "#crossbarside" },
				"east": { "uv": [ 5, 12, 2.5, 15 ], "texture": "#crossbarside" }
			}
		},
		{
			"__comment": "Lower horizontal bar of right-hand gate door",
			"from": [ 14, 6, 9 ],
			"to": [ 16, 9, 11 ],
			"faces": {
				"down": { "uv": [ 6, 12, 8, 14 ], "texture": "#crossbartop", "rotation": 270 },
				"up": { "uv": [ 3, 12, 5.5, 14 ], "texture": "#crossbartop", "rotation": 270 },
				"west": { "uv": [ 2.5, 12, 5, 15 ], "texture": "#crossbarside" },
				"east": { "uv": [ 5, 12, 2.5, 15 ], "texture": "#crossbarside" }
			}
		},
		{
			"__comment": "Upper horizontal bar of right-hand gate door2",
			"from": [ 14, 12, 11 ],
			"to": [ 16, 15, 13 ],
			"faces": {
				"down": { "uv": [ 6, 12, 8, 14 ], "texture": "#crossbartop", "rotation": 270 },
				"up": { "uv": [ 5.5, 12, 3, 14 ], "texture": "#crossbartop", "rotation": 270 },
				"west": { "uv": [ 5, 12, 2.5, 15 ], "texture": "#crossbarside" },
				"east": { "uv": [ 2.5, 3, 5.5, 6 ], "texture": "#crossbarside" }
			}
		},
		{
			"__comment": "Upper horizontal bar of right-hand gate door",
			"from": [ 14, 12, 9 ],
			"to": [ 16, 15, 11 ],
			"faces": {
				"down": { "uv": [ 6, 12, 8, 14 ], "texture": "#crossbartop", "rotation": 270 },
				"up": { "uv": [ 3, 12, 5.5, 14 ], "texture": "#crossbartop", "rotation": 270 },
				"west": { "uv": [ 2.5, 12, 5, 15 ], "texture": "#crossbarside" },
				"east": { "uv": [ 5, 12, 2.5, 15 ], "texture": "#crossbarside" }
			}
		},
		{
			"__comment": "Lower horizontal bar of right-hand gate door2",
			"from": [ 14, 6, 11 ],
			"to": [ 16, 9, 13 ],
			"faces": {
				"down": { "uv": [ 6, 12, 8, 14 ], "texture": "#crossbartop", "rotation": 270 },
				"up": { "uv": [ 5.5, 12, 3, 14 ], "texture": "#crossbartop", "rotation": 270 },
				"west": { "uv": [ 5, 12, 2.5, 15 ], "texture": "#crossbarside" },
				"east": { "uv": [ 2.5, 3, 5.5, 6 ], "texture": "#crossbarside" }
			}
		}
	]
}
