{
	"__comment": "Designed by HanFox with Cubik Studio - https://cubik.studio",
	"textures": {
		"particle": "quark:blocks/randomizer",
		"top": "quark:blocks/randomizer",
		"repeater_parts": "blocks/bdc_repeater",
		"bottom": "blocks/bdc_repeater_bottom"
	},
	"elements": [ 	 
		{
			"__comment": "BaseTop",
			"from": [ 2, 0, 0 ],
			"to": [ 14, 2, 7 ],
			"faces": {
				"down": { "uv": [ 2, 9, 14, 16 ], "texture": "#bottom", "cullface": "down" },
				"up": { "uv": [ 2, 0, 14, 7 ], "texture": "#top" },
				"north": { "uv": [ 2, 12, 14, 14 ], "texture": "#repeater_parts" }
			}
		},
		{
			"__comment": "BaseMiddle",
			"from": [ 2, 0, 7 ],
			"to": [ 14, 2, 9 ],
			"faces": {
				"down": { "uv": [ 2, 7, 14, 9 ], "texture": "#bottom", "cullface": "down" },
				"up": { "uv": [ 2, 7, 14, 9 ], "texture": "#top" },
				"west": { "uv": [ 7, 14, 9, 16 ], "texture": "#repeater_parts" },
				"east": { "uv": [ 7, 14, 9, 16 ], "texture": "#repeater_parts" }
			}
		},
		{
			"__comment": "BaseBottom",
			"from": [ 2, 0, 9 ],
			"to": [ 14, 2, 16 ],
			"faces": {
				"down": { "uv": [ 2, 0, 14, 7 ], "texture": "#bottom", "cullface": "down" },
				"up": { "uv": [ 2, 9, 14, 16 ], "texture": "#top" },
				"south": { "uv": [ 2, 12, 14, 14 ], "texture": "#repeater_parts" }
			}
		},
		{
			"__comment": "StripUp",
			"from": [ 3, 2, 6 ],
			"to": [ 13, 4, 10 ],
			"faces": {
				"up": { "uv": [ 3, 6, 13, 10 ], "texture": "#top" }
			}
		},
		{
			"__comment": "CornerLeftTop",
			"from": [ 0, 0, 0 ],
			"to": [ 2, 2, 7 ],
			"faces": {
				"down": { "uv": [ 0, 9, 2, 16 ], "texture": "#bottom", "cullface": "down" },
				"up": { "uv": [ 0, 0, 2, 7 ], "texture": "#top" },
				"north": { "uv": [ 14, 14, 16, 16 ], "texture": "#repeater_parts", "cullface": "north" },
				"south": { "uv": [ 7, 14, 9, 16 ], "texture": "#repeater_parts" },
				"west": { "uv": [ 0, 14, 7, 16 ], "texture": "#repeater_parts", "cullface": "west" }
			}
		},
		{
			"__comment": "CornerRightTop",
			"from": [ 14, 0, 0 ],
			"to": [ 16, 2, 7 ],
			"faces": {
				"down": { "uv": [ 14, 9, 16, 16 ], "texture": "#bottom", "cullface": "down" },
				"up": { "uv": [ 14, 0, 16, 7 ], "texture": "#top" },
				"north": { "uv": [ 0, 12, 2, 14 ], "texture": "#repeater_parts", "cullface": "north" },
				"south": { "uv": [ 7, 14, 9, 16 ], "texture": "#repeater_parts" },
				"east": { "uv": [ 9, 14, 16, 16 ], "texture": "#repeater_parts", "cullface": "east" }
			}
		},
		{
			"__comment": "CornerLeftBottom",
			"from": [ 0, 0, 9 ],
			"to": [ 2, 2, 16 ],
			"faces": {
				"down": { "uv": [ 0, 0, 2, 7 ], "texture": "#bottom", "cullface": "down" },
				"up": { "uv": [ 0, 9, 2, 16 ], "texture": "#top" },
				"north": { "uv": [ 7, 14, 9, 16 ], "texture": "#repeater_parts" },
				"south": { "uv": [ 0, 12, 2, 14 ], "texture": "#repeater_parts", "cullface": "south" },
				"west": { "uv": [ 9, 14, 16, 16 ], "texture": "#repeater_parts", "cullface": "west" }
			}
		},
		{
			"__comment": "CornerRightTop",
			"from": [ 14, 0, 9 ],
			"to": [ 16, 2, 16 ],
			"faces": {
				"down": { "uv": [ 14, 0, 16, 7 ], "texture": "#bottom", "cullface": "down" },
				"up": { "uv": [ 14, 9, 16, 16 ], "texture": "#top" },
				"north": { "uv": [ 7, 14, 9, 16 ], "texture": "#repeater_parts" },
				"south": { "uv": [ 14, 12, 16, 14 ], "texture": "#repeater_parts", "cullface": "south" },
				"east": { "uv": [ 0, 14, 7, 16 ], "texture": "#repeater_parts", "cullface": "east" }
			}
		},
		{
			"__comment": "TopNotch",
			"from": [ 4, 4, 7 ],
			"to": [ 6, 6, 9 ],
			"faces": {
				"up": { "uv": [ 14, 4, 16, 6 ], "texture": "#repeater_parts" },
				"north": { "uv": [ 1, 1, 3, 3 ], "texture": "#repeater_parts" },
				"south": { "uv": [ 1, 1, 3, 3 ], "texture": "#repeater_parts" },
				"west": { "uv": [ 1, 1, 3, 3 ], "texture": "#repeater_parts" },
				"east": { "uv": [ 1, 1, 3, 3 ], "texture": "#repeater_parts" }
			}
		},
		{
			"__comment": "TopNotch",
			"from": [ 7, 4, 10 ],
			"to": [ 9, 6, 12 ],
			"faces": {
				"up": { "uv": [ 14, 4, 16, 6 ], "texture": "#repeater_parts" },
				"north": { "uv": [ 1, 1, 3, 3 ], "texture": "#repeater_parts" },
				"south": { "uv": [ 1, 1, 3, 3 ], "texture": "#repeater_parts" },
				"west": { "uv": [ 1, 1, 3, 3 ], "texture": "#repeater_parts" },
				"east": { "uv": [ 1, 1, 3, 3 ], "texture": "#repeater_parts" }
			}
		},
		{
			"__comment": "TopNotch",
			"from": [ 10, 4, 7 ],
			"to": [ 12, 6, 9 ],
			"faces": {
				"up": { "uv": [ 14, 4, 16, 6 ], "texture": "#repeater_parts" },
				"north": { "uv": [ 1, 1, 3, 3 ], "texture": "#repeater_parts" },
				"south": { "uv": [ 1, 1, 3, 3 ], "texture": "#repeater_parts" },
				"west": { "uv": [ 1, 1, 3, 3 ], "texture": "#repeater_parts" },
				"east": { "uv": [ 1, 1, 3, 3 ], "texture": "#repeater_parts" }
			}
		},
		{
			"__comment": "MiddleBlock",
			"from": [ 6, 4, 6 ],
			"to": [ 10, 5, 10 ],
			"faces": {
				"up": { "uv": [ 6, 6, 10, 10 ], "texture": "#top" },
				"north": { "uv": [ 6, 6, 10, 7 ], "texture": "#top" },
				"south": { "uv": [ 6, 6, 10, 7 ], "texture": "#top" },
				"west": { "uv": [ 6, 6, 10, 7 ], "texture": "#top" },
				"east": { "uv": [ 6, 6, 10, 7 ], "texture": "#top" }
			}
		},
		{
			"__comment": "StripTop",
			"from": [ 5, 2, 5 ],
			"to": [ 11, 4, 6 ],
			"faces": {
				"up": { "uv": [ 5, 5, 11, 6 ], "texture": "#top" },
				"north": { "uv": [ 9, 14, 16, 16 ], "texture": "#repeater_parts" },
				"west": { "uv": [ 10, 7, 11, 9 ], "texture": "#top" },
				"east": { "uv": [ 10, 7, 11, 9 ], "texture": "#top" }
			}
		},
		{
			"__comment": "StripBottomMiddleLeft",
			"from": [ 5, 2, 10 ],
			"to": [ 6, 4, 11 ],
			"faces": {
				"south": { "uv": [ 10, 7, 11, 9 ], "texture": "#top" },
				"west": { "uv": [ 10, 7, 11, 9 ], "texture": "#top" }
			}
		},
		{
			"__comment": "StripBottom",
			"from": [ 6, 2, 11 ],
			"to": [ 10, 4, 13 ],
			"faces": {
				"up": { "uv": [ 6, 11, 10, 13 ], "texture": "#top" },
				"south": { "uv": [ 4, 8, 8, 10 ], "texture": "#repeater_parts" },
				"west": { "uv": [ 7, 14, 9, 16 ], "texture": "#repeater_parts" },
				"east": { "uv": [ 7, 14, 9, 16 ], "texture": "#repeater_parts" }
			}
		},
		{
			"__comment": "StripLeft",
			"from": [ 3, 2, 6 ],
			"to": [ 5, 4, 10 ],
			"faces": {
				"north": { "uv": [ 7, 14, 9, 16 ], "texture": "#repeater_parts" },
				"south": { "uv": [ 7, 14, 9, 16 ], "texture": "#repeater_parts" },
				"west": { "uv": [ 4, 8, 8, 10 ], "texture": "#repeater_parts" }
			}
		},
		{
			"__comment": "StripRight",
			"from": [ 11, 2, 6 ],
			"to": [ 13, 4, 10 ],
			"faces": {
				"north": { "uv": [ 7, 14, 9, 16 ], "texture": "#repeater_parts" },
				"south": { "uv": [ 7, 14, 9, 16 ], "texture": "#repeater_parts" },
				"east": { "uv": [ 4, 8, 8, 10 ], "texture": "#repeater_parts" }
			}
		},
		{
			"__comment": "StripBottomMiddleRight",
			"from": [ 10, 2, 10 ],
			"to": [ 11, 4, 11 ],
			"faces": {
				"south": { "uv": [ 10, 7, 11, 9 ], "texture": "#top" },
				"east": { "uv": [ 10, 7, 11, 9 ], "texture": "#top" }
			}
		},
		{
			"__comment": "StripBottomMiddleUp",
			"from": [ 5, 2, 10 ],
			"to": [ 11, 4, 11 ],
			"faces": {
				"up": { "uv": [ 5, 10, 11, 11 ], "texture": "#top" }
			}
		}
	]
}