{
	"credit": "Made by bballboy2002 with Blockbench, a free, modern block model editor by JannisX11",
	"textures": {
		"particle": "#rail"
	},
	"elements": [
		{
			"name": "4,1",
			"from": [4, 3.7200000000000006, -5.98],
			"to": [5, 4.7700000000000005, -4.550000000000001],
			"shade": false,
			"faces": {
				"north": {"uv": [4, 1, 5, 2], "texture": "#rail"},
				"east": {"uv": [4, 1, 5, 2], "texture": "#rail"},
				"south": {"uv": [4, 1, 5, 2], "texture": "#rail"},
				"west": {"uv": [4, 1, 5, 2], "texture": "#rail"},
				"up": {"uv": [4, 1, 5, 2], "texture": "#rail"},
				"down": {"uv": [4, 1, 5, 2], "texture": "#rail"}
			},
			"rotation": {
				"origin": [11, 11.719999999999999, 1.0199999999999996],
				"axis": "x",
				"angle": -45
			}
		},
		{
			"name": "4,2",
			"from": [4, 4.73, -4.97],
			"to": [5, 5.78, -3.54],
			"shade": false,
			"faces": {
				"north": {"uv": [4, 2, 5, 3], "texture": "#rail"},
				"east": {"uv": [4, 2, 5, 3], "texture": "#rail"},
				"south": {"uv": [4, 2, 5, 3], "texture": "#rail"},
				"west": {"uv": [4, 2, 5, 3], "texture": "#rail"},
				"up": {"uv": [4, 2, 5, 3], "texture": "#rail"},
				"down": {"uv": [4, 2, 5, 3], "texture": "#rail"}
			},
			"rotation": {
				"origin": [11, 12.73, 2.0300000000000002],
				"axis": "x",
				"angle": -45
			}
		},
		{
			"name": "4,3",
			"from": [4, 5.74, -3.96],
			"to": [5, 6.79, -2.5300000000000002],
			"shade": false,
			"faces": {
				"north": {"uv": [4, 3, 5, 4], "texture": "#rail"},
				"east": {"uv": [4, 3, 5, 4], "texture": "#rail"},
				"south": {"uv": [4, 3, 5, 4], "texture": "#rail"},
				"west": {"uv": [4, 3, 5, 4], "texture": "#rail"},
				"up": {"uv": [4, 3, 5, 4], "texture": "#rail"},
				"down": {"uv": [4, 3, 5, 4], "texture": "#rail"}
			},
			"rotation": {
				"origin": [11, 13.739999999999998, 3.04],
				"axis": "x",
				"angle": -45
			}
		},
		{
			"name": "4,4",
			"from": [4, 6.76, -2.94],
			"to": [5, 7.81, -1.5],
			"shade": false,
			"faces": {
				"north": {"uv": [4, 4, 5, 5], "texture": "#rail"},
				"east": {"uv": [4, 4, 5, 5], "texture": "#rail"},
				"south": {"uv": [4, 4, 5, 5], "texture": "#rail"},
				"west": {"uv": [4, 4, 5, 5], "texture": "#rail"},
				"up": {"uv": [4, 4, 5, 5], "texture": "#rail"},
				"down": {"uv": [4, 4, 5, 5], "texture": "#rail"}
			},
			"rotation": {
				"origin": [11, 14.759999999999998, 4.0600000000000005],
				"axis": "x",
				"angle": -45
			}
		},
		{
			"name": "4,5",
			"from": [4, 7.78, -1.92],
			"to": [5, 8.83, -0.48],
			"shade": false,
			"faces": {
				"north": {"uv": [4, 5, 5, 6], "texture": "#rail"},
				"east": {"uv": [4, 5, 5, 6], "texture": "#rail"},
				"south": {"uv": [4, 5, 5, 6], "texture": "#rail"},
				"west": {"uv": [4, 5, 5, 6], "texture": "#rail"},
				"up": {"uv": [4, 5, 5, 6], "texture": "#rail"},
				"down": {"uv": [4, 5, 5, 6], "texture": "#rail"}
			},
			"rotation": {
				"origin": [11, 15.779999999999998, 5.079999999999999],
				"axis": "x",
				"angle": -45
			}
		},
		{
			"name": "4,6",
			"from": [4, 8.8, -0.9],
			"to": [5, 9.850000000000001, 0.5399999999999999],
			"shade": false,
			"faces": {
				"north": {"uv": [4, 6, 5, 7], "texture": "#rail"},
				"east": {"uv": [4, 6, 5, 7], "texture": "#rail"},
				"south": {"uv": [4, 6, 5, 7], "texture": "#rail"},
				"west": {"uv": [4, 6, 5, 7], "texture": "#rail"},
				"up": {"uv": [4, 6, 5, 7], "texture": "#rail"},
				"down": {"uv": [4, 6, 5, 7], "texture": "#rail"}
			},
			"rotation": {
				"origin": [11, 16.799999999999994, 6.099999999999998],
				"axis": "x",
				"angle": -45
			}
		},
		{
			"name": "4,7",
			"from": [4, 9.81, 0.1100000000000001],
			"to": [5, 10.860000000000001, 1.54],
			"shade": false,
			"faces": {
				"north": {"uv": [4, 7, 5, 8], "texture": "#rail"},
				"east": {"uv": [4, 7, 5, 8], "texture": "#rail"},
				"south": {"uv": [4, 7, 5, 8], "texture": "#rail"},
				"west": {"uv": [4, 7, 5, 8], "texture": "#rail"},
				"up": {"uv": [4, 7, 5, 8], "texture": "#rail"},
				"down": {"uv": [4, 7, 5, 8], "texture": "#rail"}
			},
			"rotation": {
				"origin": [11, 17.809999999999995, 7.109999999999998],
				"axis": "x",
				"angle": -45
			}
		},
		{
			"name": "4,8",
			"from": [4, 10.82, 1.1199999999999999],
			"to": [5, 11.870000000000001, 2.55],
			"shade": false,
			"faces": {
				"north": {"uv": [4, 8, 5, 9], "texture": "#rail"},
				"east": {"uv": [4, 8, 5, 9], "texture": "#rail"},
				"south": {"uv": [4, 8, 5, 9], "texture": "#rail"},
				"west": {"uv": [4, 8, 5, 9], "texture": "#rail"},
				"up": {"uv": [4, 8, 5, 9], "texture": "#rail"},
				"down": {"uv": [4, 8, 5, 9], "texture": "#rail"}
			},
			"rotation": {
				"origin": [11, 18.819999999999997, 8.119999999999997],
				"axis": "x",
				"angle": -45
			}
		},
		{
			"name": "4,9",
			"from": [4, 11.83, 2.13],
			"to": [5, 12.88, 3.5599999999999996],
			"shade": false,
			"faces": {
				"north": {"uv": [4, 9, 5, 10], "texture": "#rail"},
				"east": {"uv": [4, 9, 5, 10], "texture": "#rail"},
				"south": {"uv": [4, 9, 5, 10], "texture": "#rail"},
				"west": {"uv": [4, 9, 5, 10], "texture": "#rail"},
				"up": {"uv": [4, 9, 5, 10], "texture": "#rail"},
				"down": {"uv": [4, 9, 5, 10], "texture": "#rail"}
			},
			"rotation": {
				"origin": [11, 19.83, 9.129999999999997],
				"axis": "x",
				"angle": -45
			}
		},
		{
			"name": "4,10",
			"from": [4, 12.85, 3.1500000000000004],
			"to": [5, 13.9, 4.59],
			"shade": false,
			"faces": {
				"north": {"uv": [4, 10, 5, 11], "texture": "#rail"},
				"east": {"uv": [4, 10, 5, 11], "texture": "#rail"},
				"south": {"uv": [4, 10, 5, 11], "texture": "#rail"},
				"west": {"uv": [4, 10, 5, 11], "texture": "#rail"},
				"up": {"uv": [4, 10, 5, 11], "texture": "#rail"},
				"down": {"uv": [4, 10, 5, 11], "texture": "#rail"}
			},
			"rotation": {
				"origin": [11, 20.849999999999994, 10.149999999999999],
				"axis": "x",
				"angle": -45
			}
		},
		{
			"name": "4,11",
			"from": [4, 13.87, 4.17],
			"to": [5, 14.92, 5.609999999999999],
			"shade": false,
			"faces": {
				"north": {"uv": [4, 11, 5, 12], "texture": "#rail"},
				"east": {"uv": [4, 11, 5, 12], "texture": "#rail"},
				"south": {"uv": [4, 11, 5, 12], "texture": "#rail"},
				"west": {"uv": [4, 11, 5, 12], "texture": "#rail"},
				"up": {"uv": [4, 11, 5, 12], "texture": "#rail"},
				"down": {"uv": [4, 11, 5, 12], "texture": "#rail"}
			},
			"rotation": {
				"origin": [11, 21.86999999999999, 11.169999999999998],
				"axis": "x",
				"angle": -45
			}
		},
		{
			"name": "4,12",
			"from": [4, 14.89, 5.190000000000001],
			"to": [5, 15.940000000000001, 6.630000000000001],
			"shade": false,
			"faces": {
				"north": {"uv": [4, 12, 5, 13], "texture": "#rail"},
				"east": {"uv": [4, 12, 5, 13], "texture": "#rail"},
				"south": {"uv": [4, 12, 5, 13], "texture": "#rail"},
				"west": {"uv": [4, 12, 5, 13], "texture": "#rail"},
				"up": {"uv": [4, 12, 5, 13], "texture": "#rail"},
				"down": {"uv": [4, 12, 5, 13], "texture": "#rail"}
			},
			"rotation": {
				"origin": [11, 22.889999999999993, 12.19],
				"axis": "x",
				"angle": -45
			}
		},
		{
			"name": "4,13",
			"from": [4, 15.91, 6.210000000000001],
			"to": [5, 16.96, 7.65],
			"shade": false,
			"faces": {
				"north": {"uv": [4, 13, 5, 14], "texture": "#rail"},
				"east": {"uv": [4, 13, 5, 14], "texture": "#rail"},
				"south": {"uv": [4, 13, 5, 14], "texture": "#rail"},
				"west": {"uv": [4, 13, 5, 14], "texture": "#rail"},
				"up": {"uv": [4, 13, 5, 14], "texture": "#rail"},
				"down": {"uv": [4, 13, 5, 14], "texture": "#rail"}
			},
			"rotation": {
				"origin": [11, 23.909999999999993, 13.209999999999999],
				"axis": "x",
				"angle": -45
			}
		},
		{
			"name": "4,14",
			"from": [4, 16.92, 7.220000000000001],
			"to": [5, 17.970000000000002, 8.66],
			"shade": false,
			"faces": {
				"north": {"uv": [4, 14, 5, 15], "texture": "#rail"},
				"east": {"uv": [4, 14, 5, 15], "texture": "#rail"},
				"south": {"uv": [4, 14, 5, 15], "texture": "#rail"},
				"west": {"uv": [4, 14, 5, 15], "texture": "#rail"},
				"up": {"uv": [4, 14, 5, 15], "texture": "#rail"},
				"down": {"uv": [4, 14, 5, 15], "texture": "#rail"}
			},
			"rotation": {
				"origin": [11, 24.919999999999995, 14.219999999999999],
				"axis": "x",
				"angle": -45
			}
		},
		{
			"name": "5,14",
			"from": [5, 16.92, 7.220000000000001],
			"to": [6, 17.970000000000002, 8.66],
			"shade": false,
			"faces": {
				"north": {"uv": [5, 14, 6, 15], "texture": "#rail"},
				"east": {"uv": [5, 14, 6, 15], "texture": "#rail"},
				"south": {"uv": [5, 14, 6, 15], "texture": "#rail"},
				"west": {"uv": [5, 14, 6, 15], "texture": "#rail"},
				"up": {"uv": [5, 14, 6, 15], "texture": "#rail"},
				"down": {"uv": [5, 14, 6, 15], "texture": "#rail"}
			},
			"rotation": {
				"origin": [12, 24.919999999999995, 14.219999999999999],
				"axis": "x",
				"angle": -45
			}
		},
		{
			"name": "5,13",
			"from": [5, 15.91, 6.210000000000001],
			"to": [6, 16.96, 7.65],
			"shade": false,
			"faces": {
				"north": {"uv": [5, 13, 6, 14], "texture": "#rail"},
				"east": {"uv": [5, 13, 6, 14], "texture": "#rail"},
				"south": {"uv": [5, 13, 6, 14], "texture": "#rail"},
				"west": {"uv": [5, 13, 6, 14], "texture": "#rail"},
				"up": {"uv": [5, 13, 6, 14], "texture": "#rail"},
				"down": {"uv": [5, 13, 6, 14], "texture": "#rail"}
			},
			"rotation": {
				"origin": [12, 23.909999999999993, 13.209999999999999],
				"axis": "x",
				"angle": -45
			}
		},
		{
			"name": "5,12",
			"from": [5, 14.89, 5.190000000000001],
			"to": [6, 15.940000000000001, 6.630000000000001],
			"shade": false,
			"faces": {
				"north": {"uv": [5, 12, 6, 13], "texture": "#rail"},
				"east": {"uv": [5, 12, 6, 13], "texture": "#rail"},
				"south": {"uv": [5, 12, 6, 13], "texture": "#rail"},
				"west": {"uv": [5, 12, 6, 13], "texture": "#rail"},
				"up": {"uv": [5, 12, 6, 13], "texture": "#rail"},
				"down": {"uv": [5, 12, 6, 13], "texture": "#rail"}
			},
			"rotation": {
				"origin": [12, 22.889999999999993, 12.19],
				"axis": "x",
				"angle": -45
			}
		},
		{
			"name": "5,11",
			"from": [5, 13.87, 4.17],
			"to": [6, 14.92, 5.609999999999999],
			"shade": false,
			"faces": {
				"north": {"uv": [5, 11, 6, 12], "texture": "#rail"},
				"east": {"uv": [5, 11, 6, 12], "texture": "#rail"},
				"south": {"uv": [5, 11, 6, 12], "texture": "#rail"},
				"west": {"uv": [5, 11, 6, 12], "texture": "#rail"},
				"up": {"uv": [5, 11, 6, 12], "texture": "#rail"},
				"down": {"uv": [5, 11, 6, 12], "texture": "#rail"}
			},
			"rotation": {
				"origin": [12, 21.86999999999999, 11.169999999999998],
				"axis": "x",
				"angle": -45
			}
		},
		{
			"name": "5,10",
			"from": [5, 12.85, 3.1500000000000004],
			"to": [6, 13.9, 4.59],
			"shade": false,
			"faces": {
				"north": {"uv": [5, 10, 6, 11], "texture": "#rail"},
				"east": {"uv": [5, 10, 6, 11], "texture": "#rail"},
				"south": {"uv": [5, 10, 6, 11], "texture": "#rail"},
				"west": {"uv": [5, 10, 6, 11], "texture": "#rail"},
				"up": {"uv": [5, 10, 6, 11], "texture": "#rail"},
				"down": {"uv": [5, 10, 6, 11], "texture": "#rail"}
			},
			"rotation": {
				"origin": [12, 20.849999999999994, 10.149999999999999],
				"axis": "x",
				"angle": -45
			}
		},
		{
			"name": "5,9",
			"from": [5, 11.83, 2.13],
			"to": [6, 12.88, 3.5599999999999996],
			"shade": false,
			"faces": {
				"north": {"uv": [5, 9, 6, 10], "texture": "#rail"},
				"east": {"uv": [5, 9, 6, 10], "texture": "#rail"},
				"south": {"uv": [5, 9, 6, 10], "texture": "#rail"},
				"west": {"uv": [5, 9, 6, 10], "texture": "#rail"},
				"up": {"uv": [5, 9, 6, 10], "texture": "#rail"},
				"down": {"uv": [5, 9, 6, 10], "texture": "#rail"}
			},
			"rotation": {
				"origin": [12, 19.83, 9.129999999999997],
				"axis": "x",
				"angle": -45
			}
		},
		{
			"name": "5,8",
			"from": [5, 10.82, 1.1199999999999999],
			"to": [6, 11.870000000000001, 2.55],
			"shade": false,
			"faces": {
				"north": {"uv": [5, 8, 6, 9], "texture": "#rail"},
				"east": {"uv": [5, 8, 6, 9], "texture": "#rail"},
				"south": {"uv": [5, 8, 6, 9], "texture": "#rail"},
				"west": {"uv": [5, 8, 6, 9], "texture": "#rail"},
				"up": {"uv": [5, 8, 6, 9], "texture": "#rail"},
				"down": {"uv": [5, 8, 6, 9], "texture": "#rail"}
			},
			"rotation": {
				"origin": [12, 18.819999999999997, 8.119999999999997],
				"axis": "x",
				"angle": -45
			}
		},
		{
			"name": "5,7",
			"from": [5, 9.81, 0.1100000000000001],
			"to": [6, 10.860000000000001, 1.54],
			"shade": false,
			"faces": {
				"north": {"uv": [5, 7, 6, 8], "texture": "#rail"},
				"east": {"uv": [5, 7, 6, 8], "texture": "#rail"},
				"south": {"uv": [5, 7, 6, 8], "texture": "#rail"},
				"west": {"uv": [5, 7, 6, 8], "texture": "#rail"},
				"up": {"uv": [5, 7, 6, 8], "texture": "#rail"},
				"down": {"uv": [5, 7, 6, 8], "texture": "#rail"}
			},
			"rotation": {
				"origin": [12, 17.809999999999995, 7.109999999999998],
				"axis": "x",
				"angle": -45
			}
		},
		{
			"name": "5,6",
			"from": [5, 8.8, -0.9],
			"to": [6, 9.850000000000001, 0.5399999999999999],
			"shade": false,
			"faces": {
				"north": {"uv": [5, 6, 6, 7], "texture": "#rail"},
				"east": {"uv": [5, 6, 6, 7], "texture": "#rail"},
				"south": {"uv": [5, 6, 6, 7], "texture": "#rail"},
				"west": {"uv": [5, 6, 6, 7], "texture": "#rail"},
				"up": {"uv": [5, 6, 6, 7], "texture": "#rail"},
				"down": {"uv": [5, 6, 6, 7], "texture": "#rail"}
			},
			"rotation": {
				"origin": [12, 16.799999999999994, 6.099999999999998],
				"axis": "x",
				"angle": -45
			}
		},
		{
			"name": "5,5",
			"from": [5, 7.78, -1.92],
			"to": [6, 8.83, -0.48],
			"shade": false,
			"faces": {
				"north": {"uv": [5, 5, 6, 6], "texture": "#rail"},
				"east": {"uv": [5, 5, 6, 6], "texture": "#rail"},
				"south": {"uv": [5, 5, 6, 6], "texture": "#rail"},
				"west": {"uv": [5, 5, 6, 6], "texture": "#rail"},
				"up": {"uv": [5, 5, 6, 6], "texture": "#rail"},
				"down": {"uv": [5, 5, 6, 6], "texture": "#rail"}
			},
			"rotation": {
				"origin": [12, 15.779999999999998, 5.079999999999999],
				"axis": "x",
				"angle": -45
			}
		},
		{
			"name": "5,4",
			"from": [5, 6.76, -2.94],
			"to": [6, 7.81, -1.5],
			"shade": false,
			"faces": {
				"north": {"uv": [5, 4, 6, 5], "texture": "#rail"},
				"east": {"uv": [5, 4, 6, 5], "texture": "#rail"},
				"south": {"uv": [5, 4, 6, 5], "texture": "#rail"},
				"west": {"uv": [5, 4, 6, 5], "texture": "#rail"},
				"up": {"uv": [5, 4, 6, 5], "texture": "#rail"},
				"down": {"uv": [5, 4, 6, 5], "texture": "#rail"}
			},
			"rotation": {
				"origin": [12, 14.759999999999998, 4.0600000000000005],
				"axis": "x",
				"angle": -45
			}
		},
		{
			"name": "5,3",
			"from": [5, 5.74, -3.96],
			"to": [6, 6.79, -2.5300000000000002],
			"shade": false,
			"faces": {
				"north": {"uv": [5, 3, 6, 4], "texture": "#rail"},
				"east": {"uv": [5, 3, 6, 4], "texture": "#rail"},
				"south": {"uv": [5, 3, 6, 4], "texture": "#rail"},
				"west": {"uv": [5, 3, 6, 4], "texture": "#rail"},
				"up": {"uv": [5, 3, 6, 4], "texture": "#rail"},
				"down": {"uv": [5, 3, 6, 4], "texture": "#rail"}
			},
			"rotation": {
				"origin": [12, 13.739999999999998, 3.04],
				"axis": "x",
				"angle": -45
			}
		},
		{
			"name": "5,2",
			"from": [5, 4.73, -4.97],
			"to": [6, 5.78, -3.54],
			"shade": false,
			"faces": {
				"north": {"uv": [5, 2, 6, 3], "texture": "#rail"},
				"east": {"uv": [5, 2, 6, 3], "texture": "#rail"},
				"south": {"uv": [5, 2, 6, 3], "texture": "#rail"},
				"west": {"uv": [5, 2, 6, 3], "texture": "#rail"},
				"up": {"uv": [5, 2, 6, 3], "texture": "#rail"},
				"down": {"uv": [5, 2, 6, 3], "texture": "#rail"}
			},
			"rotation": {
				"origin": [12, 12.73, 2.0300000000000002],
				"axis": "x",
				"angle": -45
			}
		},
		{
			"name": "5,1",
			"from": [5, 3.7200000000000006, -5.98],
			"to": [6, 4.7700000000000005, -4.550000000000001],
			"shade": false,
			"faces": {
				"north": {"uv": [5, 1, 6, 2], "texture": "#rail"},
				"east": {"uv": [5, 1, 6, 2], "texture": "#rail"},
				"south": {"uv": [5, 1, 6, 2], "texture": "#rail"},
				"west": {"uv": [5, 1, 6, 2], "texture": "#rail"},
				"up": {"uv": [5, 1, 6, 2], "texture": "#rail"},
				"down": {"uv": [5, 1, 6, 2], "texture": "#rail"}
			},
			"rotation": {
				"origin": [12, 11.719999999999999, 1.0199999999999996],
				"axis": "x",
				"angle": -45
			}
		},
		{
			"name": "5,0",
			"from": [5, 2.71, -6.99],
			"to": [6, 3.76, -5.5600000000000005],
			"shade": false,
			"faces": {
				"north": {"uv": [5, 0, 6, 1], "texture": "#rail"},
				"east": {"uv": [5, 0, 6, 1], "texture": "#rail"},
				"south": {"uv": [5, 0, 6, 1], "texture": "#rail"},
				"west": {"uv": [5, 0, 6, 1], "texture": "#rail"},
				"up": {"uv": [5, 0, 6, 1], "texture": "#rail"},
				"down": {"uv": [5, 0, 6, 1], "texture": "#rail"}
			},
			"rotation": {
				"origin": [
					12,
					10.709999999999999,
					0.009999999999999787
				],
				"axis": "x",
				"angle": -45
			}
		},
		{
			"name": "5,15",
			"from": [5, 17.93, 8.23],
			"to": [6, 18.98, 9.67],
			"shade": false,
			"faces": {
				"north": {"uv": [5, 15, 6, 16], "texture": "#rail"},
				"east": {"uv": [5, 15, 6, 16], "texture": "#rail"},
				"south": {"uv": [5, 15, 6, 16], "texture": "#rail"},
				"west": {"uv": [5, 15, 6, 16], "texture": "#rail"},
				"up": {"uv": [5, 15, 6, 16], "texture": "#rail"},
				"down": {"uv": [5, 15, 6, 16], "texture": "#rail"}
			},
			"rotation": {
				"origin": [12, 25.929999999999993, 15.229999999999999],
				"axis": "x",
				"angle": -45
			}
		},
		{
			"name": "6,15",
			"from": [6, 17.93, 8.23],
			"to": [7, 18.98, 9.67],
			"shade": false,
			"faces": {
				"north": {"uv": [6, 15, 7, 16], "texture": "#rail"},
				"east": {"uv": [6, 15, 7, 16], "texture": "#rail"},
				"south": {"uv": [6, 15, 7, 16], "texture": "#rail"},
				"west": {"uv": [6, 15, 7, 16], "texture": "#rail"},
				"up": {"uv": [6, 15, 7, 16], "texture": "#rail"},
				"down": {"uv": [6, 15, 7, 16], "texture": "#rail"}
			},
			"rotation": {
				"origin": [13, 25.929999999999993, 15.229999999999999],
				"axis": "x",
				"angle": -45
			}
		},
		{
			"name": "6,14",
			"from": [6, 16.92, 7.220000000000001],
			"to": [7, 17.970000000000002, 8.66],
			"shade": false,
			"faces": {
				"north": {"uv": [6, 14, 7, 15], "texture": "#rail"},
				"east": {"uv": [6, 14, 7, 15], "texture": "#rail"},
				"south": {"uv": [6, 14, 7, 15], "texture": "#rail"},
				"west": {"uv": [6, 14, 7, 15], "texture": "#rail"},
				"up": {"uv": [6, 14, 7, 15], "texture": "#rail"},
				"down": {"uv": [6, 14, 7, 15], "texture": "#rail"}
			},
			"rotation": {
				"origin": [13, 24.919999999999995, 14.219999999999999],
				"axis": "x",
				"angle": -45
			}
		},
		{
			"name": "6,13",
			"from": [6, 15.91, 6.210000000000001],
			"to": [7, 16.96, 7.65],
			"shade": false,
			"faces": {
				"north": {"uv": [6, 13, 7, 14], "texture": "#rail"},
				"east": {"uv": [6, 13, 7, 14], "texture": "#rail"},
				"south": {"uv": [6, 13, 7, 14], "texture": "#rail"},
				"west": {"uv": [6, 13, 7, 14], "texture": "#rail"},
				"up": {"uv": [6, 13, 7, 14], "texture": "#rail"},
				"down": {"uv": [6, 13, 7, 14], "texture": "#rail"}
			},
			"rotation": {
				"origin": [13, 23.909999999999993, 13.209999999999999],
				"axis": "x",
				"angle": -45
			}
		},
		{
			"name": "6,12",
			"from": [6, 14.89, 5.190000000000001],
			"to": [7, 15.940000000000001, 6.630000000000001],
			"shade": false,
			"faces": {
				"north": {"uv": [6, 12, 7, 13], "texture": "#rail"},
				"east": {"uv": [6, 12, 7, 13], "texture": "#rail"},
				"south": {"uv": [6, 12, 7, 13], "texture": "#rail"},
				"west": {"uv": [6, 12, 7, 13], "texture": "#rail"},
				"up": {"uv": [6, 12, 7, 13], "texture": "#rail"},
				"down": {"uv": [6, 12, 7, 13], "texture": "#rail"}
			},
			"rotation": {
				"origin": [13, 22.889999999999993, 12.19],
				"axis": "x",
				"angle": -45
			}
		},
		{
			"name": "6,11",
			"from": [6, 13.87, 4.17],
			"to": [7, 14.92, 5.609999999999999],
			"shade": false,
			"faces": {
				"north": {"uv": [6, 11, 7, 12], "texture": "#rail"},
				"east": {"uv": [6, 11, 7, 12], "texture": "#rail"},
				"south": {"uv": [6, 11, 7, 12], "texture": "#rail"},
				"west": {"uv": [6, 11, 7, 12], "texture": "#rail"},
				"up": {"uv": [6, 11, 7, 12], "texture": "#rail"},
				"down": {"uv": [6, 11, 7, 12], "texture": "#rail"}
			},
			"rotation": {
				"origin": [13, 21.86999999999999, 11.169999999999998],
				"axis": "x",
				"angle": -45
			}
		},
		{
			"name": "6,10",
			"from": [6, 12.85, 3.1500000000000004],
			"to": [7, 13.9, 4.59],
			"shade": false,
			"faces": {
				"north": {"uv": [6, 10, 7, 11], "texture": "#rail"},
				"east": {"uv": [6, 10, 7, 11], "texture": "#rail"},
				"south": {"uv": [6, 10, 7, 11], "texture": "#rail"},
				"west": {"uv": [6, 10, 7, 11], "texture": "#rail"},
				"up": {"uv": [6, 10, 7, 11], "texture": "#rail"},
				"down": {"uv": [6, 10, 7, 11], "texture": "#rail"}
			},
			"rotation": {
				"origin": [13, 20.849999999999994, 10.149999999999999],
				"axis": "x",
				"angle": -45
			}
		},
		{
			"name": "6,9",
			"from": [6, 11.83, 2.13],
			"to": [7, 12.88, 3.5599999999999996],
			"shade": false,
			"faces": {
				"north": {"uv": [6, 9, 7, 10], "texture": "#rail"},
				"east": {"uv": [6, 9, 7, 10], "texture": "#rail"},
				"south": {"uv": [6, 9, 7, 10], "texture": "#rail"},
				"west": {"uv": [6, 9, 7, 10], "texture": "#rail"},
				"up": {"uv": [6, 9, 7, 10], "texture": "#rail"},
				"down": {"uv": [6, 9, 7, 10], "texture": "#rail"}
			},
			"rotation": {
				"origin": [13, 19.83, 9.129999999999997],
				"axis": "x",
				"angle": -45
			}
		},
		{
			"name": "6,8",
			"from": [6, 10.82, 1.1199999999999999],
			"to": [7, 11.870000000000001, 2.55],
			"shade": false,
			"faces": {
				"north": {"uv": [6, 8, 7, 9], "texture": "#rail"},
				"east": {"uv": [6, 8, 7, 9], "texture": "#rail"},
				"south": {"uv": [6, 8, 7, 9], "texture": "#rail"},
				"west": {"uv": [6, 8, 7, 9], "texture": "#rail"},
				"up": {"uv": [6, 8, 7, 9], "texture": "#rail"},
				"down": {"uv": [6, 8, 7, 9], "texture": "#rail"}
			},
			"rotation": {
				"origin": [13, 18.819999999999997, 8.119999999999997],
				"axis": "x",
				"angle": -45
			}
		},
		{
			"name": "6,7",
			"from": [6, 9.81, 0.1100000000000001],
			"to": [7, 10.860000000000001, 1.54],
			"shade": false,
			"faces": {
				"north": {"uv": [6, 7, 7, 8], "texture": "#rail"},
				"east": {"uv": [6, 7, 7, 8], "texture": "#rail"},
				"south": {"uv": [6, 7, 7, 8], "texture": "#rail"},
				"west": {"uv": [6, 7, 7, 8], "texture": "#rail"},
				"up": {"uv": [6, 7, 7, 8], "texture": "#rail"},
				"down": {"uv": [6, 7, 7, 8], "texture": "#rail"}
			},
			"rotation": {
				"origin": [13, 17.809999999999995, 7.109999999999998],
				"axis": "x",
				"angle": -45
			}
		},
		{
			"name": "6,6",
			"from": [6, 8.8, -0.9],
			"to": [7, 9.850000000000001, 0.5399999999999999],
			"shade": false,
			"faces": {
				"north": {"uv": [6, 6, 7, 7], "texture": "#rail"},
				"east": {"uv": [6, 6, 7, 7], "texture": "#rail"},
				"south": {"uv": [6, 6, 7, 7], "texture": "#rail"},
				"west": {"uv": [6, 6, 7, 7], "texture": "#rail"},
				"up": {"uv": [6, 6, 7, 7], "texture": "#rail"},
				"down": {"uv": [6, 6, 7, 7], "texture": "#rail"}
			},
			"rotation": {
				"origin": [13, 16.799999999999994, 6.099999999999998],
				"axis": "x",
				"angle": -45
			}
		},
		{
			"name": "6,5",
			"from": [6, 7.78, -1.92],
			"to": [7, 8.83, -0.48],
			"shade": false,
			"faces": {
				"north": {"uv": [6, 5, 7, 6], "texture": "#rail"},
				"east": {"uv": [6, 5, 7, 6], "texture": "#rail"},
				"south": {"uv": [6, 5, 7, 6], "texture": "#rail"},
				"west": {"uv": [6, 5, 7, 6], "texture": "#rail"},
				"up": {"uv": [6, 5, 7, 6], "texture": "#rail"},
				"down": {"uv": [6, 5, 7, 6], "texture": "#rail"}
			},
			"rotation": {
				"origin": [13, 15.779999999999998, 5.079999999999999],
				"axis": "x",
				"angle": -45
			}
		},
		{
			"name": "6,4",
			"from": [6, 6.76, -2.94],
			"to": [7, 7.81, -1.5],
			"shade": false,
			"faces": {
				"north": {"uv": [6, 4, 7, 5], "texture": "#rail"},
				"east": {"uv": [6, 4, 7, 5], "texture": "#rail"},
				"south": {"uv": [6, 4, 7, 5], "texture": "#rail"},
				"west": {"uv": [6, 4, 7, 5], "texture": "#rail"},
				"up": {"uv": [6, 4, 7, 5], "texture": "#rail"},
				"down": {"uv": [6, 4, 7, 5], "texture": "#rail"}
			},
			"rotation": {
				"origin": [13, 14.759999999999998, 4.0600000000000005],
				"axis": "x",
				"angle": -45
			}
		},
		{
			"name": "6,3",
			"from": [6, 5.74, -3.96],
			"to": [7, 6.79, -2.5300000000000002],
			"shade": false,
			"faces": {
				"north": {"uv": [6, 3, 7, 4], "texture": "#rail"},
				"east": {"uv": [6, 3, 7, 4], "texture": "#rail"},
				"south": {"uv": [6, 3, 7, 4], "texture": "#rail"},
				"west": {"uv": [6, 3, 7, 4], "texture": "#rail"},
				"up": {"uv": [6, 3, 7, 4], "texture": "#rail"},
				"down": {"uv": [6, 3, 7, 4], "texture": "#rail"}
			},
			"rotation": {
				"origin": [13, 13.739999999999998, 3.04],
				"axis": "x",
				"angle": -45
			}
		},
		{
			"name": "6,2",
			"from": [6, 4.73, -4.97],
			"to": [7, 5.78, -3.54],
			"shade": false,
			"faces": {
				"north": {"uv": [6, 2, 7, 3], "texture": "#rail"},
				"east": {"uv": [6, 2, 7, 3], "texture": "#rail"},
				"south": {"uv": [6, 2, 7, 3], "texture": "#rail"},
				"west": {"uv": [6, 2, 7, 3], "texture": "#rail"},
				"up": {"uv": [6, 2, 7, 3], "texture": "#rail"},
				"down": {"uv": [6, 2, 7, 3], "texture": "#rail"}
			},
			"rotation": {
				"origin": [13, 12.73, 2.0300000000000002],
				"axis": "x",
				"angle": -45
			}
		},
		{
			"name": "6,1",
			"from": [6, 3.7200000000000006, -5.98],
			"to": [7, 4.7700000000000005, -4.550000000000001],
			"shade": false,
			"faces": {
				"north": {"uv": [6, 1, 7, 2], "texture": "#rail"},
				"east": {"uv": [6, 1, 7, 2], "texture": "#rail"},
				"south": {"uv": [6, 1, 7, 2], "texture": "#rail"},
				"west": {"uv": [6, 1, 7, 2], "texture": "#rail"},
				"up": {"uv": [6, 1, 7, 2], "texture": "#rail"},
				"down": {"uv": [6, 1, 7, 2], "texture": "#rail"}
			},
			"rotation": {
				"origin": [13, 11.719999999999999, 1.0199999999999996],
				"axis": "x",
				"angle": -45
			}
		},
		{
			"name": "6,0",
			"from": [6, 2.71, -6.99],
			"to": [7, 3.76, -5.5600000000000005],
			"shade": false,
			"faces": {
				"north": {"uv": [6, 0, 7, 1], "texture": "#rail"},
				"east": {"uv": [6, 0, 7, 1], "texture": "#rail"},
				"south": {"uv": [6, 0, 7, 1], "texture": "#rail"},
				"west": {"uv": [6, 0, 7, 1], "texture": "#rail"},
				"up": {"uv": [6, 0, 7, 1], "texture": "#rail"},
				"down": {"uv": [6, 0, 7, 1], "texture": "#rail"}
			},
			"rotation": {
				"origin": [
					13,
					10.709999999999999,
					0.009999999999999787
				],
				"axis": "x",
				"angle": -45
			}
		},
		{
			"name": "7,0",
			"from": [7, 2.71, -6.99],
			"to": [8, 3.76, -5.5600000000000005],
			"shade": false,
			"faces": {
				"north": {"uv": [7, 0, 8, 1], "texture": "#rail"},
				"east": {"uv": [7, 0, 8, 1], "texture": "#rail"},
				"south": {"uv": [7, 0, 8, 1], "texture": "#rail"},
				"west": {"uv": [7, 0, 8, 1], "texture": "#rail"},
				"up": {"uv": [7, 0, 8, 1], "texture": "#rail"},
				"down": {"uv": [7, 0, 8, 1], "texture": "#rail"}
			},
			"rotation": {
				"origin": [
					14,
					10.709999999999999,
					0.009999999999999787
				],
				"axis": "x",
				"angle": -45
			}
		},
		{
			"name": "7,1",
			"from": [7, 3.7200000000000006, -5.98],
			"to": [8, 4.7700000000000005, -4.550000000000001],
			"shade": false,
			"faces": {
				"north": {"uv": [7, 1, 8, 2], "texture": "#rail"},
				"east": {"uv": [7, 1, 8, 2], "texture": "#rail"},
				"south": {"uv": [7, 1, 8, 2], "texture": "#rail"},
				"west": {"uv": [7, 1, 8, 2], "texture": "#rail"},
				"up": {"uv": [7, 1, 8, 2], "texture": "#rail"},
				"down": {"uv": [7, 1, 8, 2], "texture": "#rail"}
			},
			"rotation": {
				"origin": [14, 11.719999999999999, 1.0199999999999996],
				"axis": "x",
				"angle": -45
			}
		},
		{
			"name": "7,2",
			"from": [7, 4.73, -4.97],
			"to": [8, 5.78, -3.54],
			"shade": false,
			"faces": {
				"north": {"uv": [7, 2, 8, 3], "texture": "#rail"},
				"east": {"uv": [7, 2, 8, 3], "texture": "#rail"},
				"south": {"uv": [7, 2, 8, 3], "texture": "#rail"},
				"west": {"uv": [7, 2, 8, 3], "texture": "#rail"},
				"up": {"uv": [7, 2, 8, 3], "texture": "#rail"},
				"down": {"uv": [7, 2, 8, 3], "texture": "#rail"}
			},
			"rotation": {
				"origin": [14, 12.73, 2.0300000000000002],
				"axis": "x",
				"angle": -45
			}
		},
		{
			"name": "7,3",
			"from": [7, 5.74, -3.96],
			"to": [8, 6.79, -2.5300000000000002],
			"shade": false,
			"faces": {
				"north": {"uv": [7, 3, 8, 4], "texture": "#rail"},
				"east": {"uv": [7, 3, 8, 4], "texture": "#rail"},
				"south": {"uv": [7, 3, 8, 4], "texture": "#rail"},
				"west": {"uv": [7, 3, 8, 4], "texture": "#rail"},
				"up": {"uv": [7, 3, 8, 4], "texture": "#rail"},
				"down": {"uv": [7, 3, 8, 4], "texture": "#rail"}
			},
			"rotation": {
				"origin": [14, 13.739999999999998, 3.04],
				"axis": "x",
				"angle": -45
			}
		},
		{
			"name": "7,4",
			"from": [7, 6.76, -2.94],
			"to": [8, 7.81, -1.5],
			"shade": false,
			"faces": {
				"north": {"uv": [7, 4, 8, 5], "texture": "#rail"},
				"east": {"uv": [7, 4, 8, 5], "texture": "#rail"},
				"south": {"uv": [7, 4, 8, 5], "texture": "#rail"},
				"west": {"uv": [7, 4, 8, 5], "texture": "#rail"},
				"up": {"uv": [7, 4, 8, 5], "texture": "#rail"},
				"down": {"uv": [7, 4, 8, 5], "texture": "#rail"}
			},
			"rotation": {
				"origin": [14, 14.759999999999998, 4.0600000000000005],
				"axis": "x",
				"angle": -45
			}
		},
		{
			"name": "7,5",
			"from": [7, 7.78, -1.92],
			"to": [8, 8.83, -0.48],
			"shade": false,
			"faces": {
				"north": {"uv": [7, 5, 8, 6], "texture": "#rail"},
				"east": {"uv": [7, 5, 8, 6], "texture": "#rail"},
				"south": {"uv": [7, 5, 8, 6], "texture": "#rail"},
				"west": {"uv": [7, 5, 8, 6], "texture": "#rail"},
				"up": {"uv": [7, 5, 8, 6], "texture": "#rail"},
				"down": {"uv": [7, 5, 8, 6], "texture": "#rail"}
			},
			"rotation": {
				"origin": [14, 15.779999999999998, 5.079999999999999],
				"axis": "x",
				"angle": -45
			}
		},
		{
			"name": "7,6",
			"from": [7, 8.8, -0.9],
			"to": [8, 9.850000000000001, 0.5399999999999999],
			"shade": false,
			"faces": {
				"north": {"uv": [7, 6, 8, 7], "texture": "#rail"},
				"east": {"uv": [7, 6, 8, 7], "texture": "#rail"},
				"south": {"uv": [7, 6, 8, 7], "texture": "#rail"},
				"west": {"uv": [7, 6, 8, 7], "texture": "#rail"},
				"up": {"uv": [7, 6, 8, 7], "texture": "#rail"},
				"down": {"uv": [7, 6, 8, 7], "texture": "#rail"}
			},
			"rotation": {
				"origin": [14, 16.799999999999994, 6.099999999999998],
				"axis": "x",
				"angle": -45
			}
		},
		{
			"name": "7,7",
			"from": [7, 9.81, 0.1100000000000001],
			"to": [8, 10.860000000000001, 1.54],
			"shade": false,
			"faces": {
				"north": {"uv": [7, 7, 8, 8], "texture": "#rail"},
				"east": {"uv": [7, 7, 8, 8], "texture": "#rail"},
				"south": {"uv": [7, 7, 8, 8], "texture": "#rail"},
				"west": {"uv": [7, 7, 8, 8], "texture": "#rail"},
				"up": {"uv": [7, 7, 8, 8], "texture": "#rail"},
				"down": {"uv": [7, 7, 8, 8], "texture": "#rail"}
			},
			"rotation": {
				"origin": [14, 17.809999999999995, 7.109999999999998],
				"axis": "x",
				"angle": -45
			}
		},
		{
			"name": "7,8",
			"from": [7, 10.82, 1.1199999999999999],
			"to": [8, 11.870000000000001, 2.55],
			"shade": false,
			"faces": {
				"north": {"uv": [7, 8, 8, 9], "texture": "#rail"},
				"east": {"uv": [7, 8, 8, 9], "texture": "#rail"},
				"south": {"uv": [7, 8, 8, 9], "texture": "#rail"},
				"west": {"uv": [7, 8, 8, 9], "texture": "#rail"},
				"up": {"uv": [7, 8, 8, 9], "texture": "#rail"},
				"down": {"uv": [7, 8, 8, 9], "texture": "#rail"}
			},
			"rotation": {
				"origin": [14, 18.819999999999997, 8.119999999999997],
				"axis": "x",
				"angle": -45
			}
		},
		{
			"name": "7,9",
			"from": [7, 11.83, 2.13],
			"to": [8, 12.88, 3.5599999999999996],
			"shade": false,
			"faces": {
				"north": {"uv": [7, 9, 8, 10], "texture": "#rail"},
				"east": {"uv": [7, 9, 8, 10], "texture": "#rail"},
				"south": {"uv": [7, 9, 8, 10], "texture": "#rail"},
				"west": {"uv": [7, 9, 8, 10], "texture": "#rail"},
				"up": {"uv": [7, 9, 8, 10], "texture": "#rail"},
				"down": {"uv": [7, 9, 8, 10], "texture": "#rail"}
			},
			"rotation": {
				"origin": [14, 19.83, 9.129999999999997],
				"axis": "x",
				"angle": -45
			}
		},
		{
			"name": "7,10",
			"from": [7, 12.85, 3.1500000000000004],
			"to": [8, 13.9, 4.59],
			"shade": false,
			"faces": {
				"north": {"uv": [7, 10, 8, 11], "texture": "#rail"},
				"east": {"uv": [7, 10, 8, 11], "texture": "#rail"},
				"south": {"uv": [7, 10, 8, 11], "texture": "#rail"},
				"west": {"uv": [7, 10, 8, 11], "texture": "#rail"},
				"up": {"uv": [7, 10, 8, 11], "texture": "#rail"},
				"down": {"uv": [7, 10, 8, 11], "texture": "#rail"}
			},
			"rotation": {
				"origin": [14, 20.849999999999994, 10.149999999999999],
				"axis": "x",
				"angle": -45
			}
		},
		{
			"name": "7,11",
			"from": [7, 13.87, 4.17],
			"to": [8, 14.92, 5.609999999999999],
			"shade": false,
			"faces": {
				"north": {"uv": [7, 11, 8, 12], "texture": "#rail"},
				"east": {"uv": [7, 11, 8, 12], "texture": "#rail"},
				"south": {"uv": [7, 11, 8, 12], "texture": "#rail"},
				"west": {"uv": [7, 11, 8, 12], "texture": "#rail"},
				"up": {"uv": [7, 11, 8, 12], "texture": "#rail"},
				"down": {"uv": [7, 11, 8, 12], "texture": "#rail"}
			},
			"rotation": {
				"origin": [14, 21.86999999999999, 11.169999999999998],
				"axis": "x",
				"angle": -45
			}
		},
		{
			"name": "7,12",
			"from": [7, 14.89, 5.190000000000001],
			"to": [8, 15.940000000000001, 6.630000000000001],
			"shade": false,
			"faces": {
				"north": {"uv": [7, 12, 8, 13], "texture": "#rail"},
				"east": {"uv": [7, 12, 8, 13], "texture": "#rail"},
				"south": {"uv": [7, 12, 8, 13], "texture": "#rail"},
				"west": {"uv": [7, 12, 8, 13], "texture": "#rail"},
				"up": {"uv": [7, 12, 8, 13], "texture": "#rail"},
				"down": {"uv": [7, 12, 8, 13], "texture": "#rail"}
			},
			"rotation": {
				"origin": [14, 22.889999999999993, 12.19],
				"axis": "x",
				"angle": -45
			}
		},
		{
			"name": "7,13",
			"from": [7, 15.91, 6.210000000000001],
			"to": [8, 16.96, 7.65],
			"shade": false,
			"faces": {
				"north": {"uv": [7, 13, 8, 14], "texture": "#rail"},
				"east": {"uv": [7, 13, 8, 14], "texture": "#rail"},
				"south": {"uv": [7, 13, 8, 14], "texture": "#rail"},
				"west": {"uv": [7, 13, 8, 14], "texture": "#rail"},
				"up": {"uv": [7, 13, 8, 14], "texture": "#rail"},
				"down": {"uv": [7, 13, 8, 14], "texture": "#rail"}
			},
			"rotation": {
				"origin": [14, 23.909999999999993, 13.209999999999999],
				"axis": "x",
				"angle": -45
			}
		},
		{
			"name": "7,14",
			"from": [7, 16.92, 7.220000000000001],
			"to": [8, 17.970000000000002, 8.66],
			"shade": false,
			"faces": {
				"north": {"uv": [7, 14, 8, 15], "texture": "#rail"},
				"east": {"uv": [7, 14, 8, 15], "texture": "#rail"},
				"south": {"uv": [7, 14, 8, 15], "texture": "#rail"},
				"west": {"uv": [7, 14, 8, 15], "texture": "#rail"},
				"up": {"uv": [7, 14, 8, 15], "texture": "#rail"},
				"down": {"uv": [7, 14, 8, 15], "texture": "#rail"}
			},
			"rotation": {
				"origin": [14, 24.919999999999995, 14.219999999999999],
				"axis": "x",
				"angle": -45
			}
		},
		{
			"name": "7,15",
			"from": [7, 17.93, 8.23],
			"to": [8, 18.98, 9.67],
			"shade": false,
			"faces": {
				"north": {"uv": [7, 15, 8, 16], "texture": "#rail"},
				"east": {"uv": [7, 15, 8, 16], "texture": "#rail"},
				"south": {"uv": [7, 15, 8, 16], "texture": "#rail"},
				"west": {"uv": [7, 15, 8, 16], "texture": "#rail"},
				"up": {"uv": [7, 15, 8, 16], "texture": "#rail"},
				"down": {"uv": [7, 15, 8, 16], "texture": "#rail"}
			},
			"rotation": {
				"origin": [14, 25.929999999999993, 15.229999999999999],
				"axis": "x",
				"angle": -45
			}
		},
		{
			"name": "8,15",
			"from": [8, 17.93, 8.23],
			"to": [9, 18.98, 9.67],
			"shade": false,
			"faces": {
				"north": {"uv": [8, 15, 9, 16], "texture": "#rail"},
				"east": {"uv": [8, 15, 9, 16], "texture": "#rail"},
				"south": {"uv": [8, 15, 9, 16], "texture": "#rail"},
				"west": {"uv": [8, 15, 9, 16], "texture": "#rail"},
				"up": {"uv": [8, 15, 9, 16], "texture": "#rail"},
				"down": {"uv": [8, 15, 9, 16], "texture": "#rail"}
			},
			"rotation": {
				"origin": [15, 25.929999999999993, 15.229999999999999],
				"axis": "x",
				"angle": -45
			}
		},
		{
			"name": "8,14",
			"from": [8, 16.92, 7.220000000000001],
			"to": [9, 17.970000000000002, 8.66],
			"shade": false,
			"faces": {
				"north": {"uv": [8, 14, 9, 15], "texture": "#rail"},
				"east": {"uv": [8, 14, 9, 15], "texture": "#rail"},
				"south": {"uv": [8, 14, 9, 15], "texture": "#rail"},
				"west": {"uv": [8, 14, 9, 15], "texture": "#rail"},
				"up": {"uv": [8, 14, 9, 15], "texture": "#rail"},
				"down": {"uv": [8, 14, 9, 15], "texture": "#rail"}
			},
			"rotation": {
				"origin": [15, 24.919999999999995, 14.219999999999999],
				"axis": "x",
				"angle": -45
			}
		},
		{
			"name": "8,13",
			"from": [8, 15.91, 6.210000000000001],
			"to": [9, 16.96, 7.65],
			"shade": false,
			"faces": {
				"north": {"uv": [8, 13, 9, 14], "texture": "#rail"},
				"east": {"uv": [8, 13, 9, 14], "texture": "#rail"},
				"south": {"uv": [8, 13, 9, 14], "texture": "#rail"},
				"west": {"uv": [8, 13, 9, 14], "texture": "#rail"},
				"up": {"uv": [8, 13, 9, 14], "texture": "#rail"},
				"down": {"uv": [8, 13, 9, 14], "texture": "#rail"}
			},
			"rotation": {
				"origin": [15, 23.909999999999993, 13.209999999999999],
				"axis": "x",
				"angle": -45
			}
		},
		{
			"name": "8,12",
			"from": [8, 14.89, 5.190000000000001],
			"to": [9, 15.940000000000001, 6.630000000000001],
			"shade": false,
			"faces": {
				"north": {"uv": [8, 12, 9, 13], "texture": "#rail"},
				"east": {"uv": [8, 12, 9, 13], "texture": "#rail"},
				"south": {"uv": [8, 12, 9, 13], "texture": "#rail"},
				"west": {"uv": [8, 12, 9, 13], "texture": "#rail"},
				"up": {"uv": [8, 12, 9, 13], "texture": "#rail"},
				"down": {"uv": [8, 12, 9, 13], "texture": "#rail"}
			},
			"rotation": {
				"origin": [15, 22.889999999999993, 12.19],
				"axis": "x",
				"angle": -45
			}
		},
		{
			"name": "8,11",
			"from": [8, 13.87, 4.17],
			"to": [9, 14.92, 5.609999999999999],
			"shade": false,
			"faces": {
				"north": {"uv": [8, 11, 9, 12], "texture": "#rail"},
				"east": {"uv": [8, 11, 9, 12], "texture": "#rail"},
				"south": {"uv": [8, 11, 9, 12], "texture": "#rail"},
				"west": {"uv": [8, 11, 9, 12], "texture": "#rail"},
				"up": {"uv": [8, 11, 9, 12], "texture": "#rail"},
				"down": {"uv": [8, 11, 9, 12], "texture": "#rail"}
			},
			"rotation": {
				"origin": [15, 21.86999999999999, 11.169999999999998],
				"axis": "x",
				"angle": -45
			}
		},
		{
			"name": "8,10",
			"from": [8, 12.85, 3.1500000000000004],
			"to": [9, 13.9, 4.59],
			"shade": false,
			"faces": {
				"north": {"uv": [8, 10, 9, 11], "texture": "#rail"},
				"east": {"uv": [8, 10, 9, 11], "texture": "#rail"},
				"south": {"uv": [8, 10, 9, 11], "texture": "#rail"},
				"west": {"uv": [8, 10, 9, 11], "texture": "#rail"},
				"up": {"uv": [8, 10, 9, 11], "texture": "#rail"},
				"down": {"uv": [8, 10, 9, 11], "texture": "#rail"}
			},
			"rotation": {
				"origin": [15, 20.849999999999994, 10.149999999999999],
				"axis": "x",
				"angle": -45
			}
		},
		{
			"name": "8,9",
			"from": [8, 11.83, 2.13],
			"to": [9, 12.88, 3.5599999999999996],
			"shade": false,
			"faces": {
				"north": {"uv": [8, 9, 9, 10], "texture": "#rail"},
				"east": {"uv": [8, 9, 9, 10], "texture": "#rail"},
				"south": {"uv": [8, 9, 9, 10], "texture": "#rail"},
				"west": {"uv": [8, 9, 9, 10], "texture": "#rail"},
				"up": {"uv": [8, 9, 9, 10], "texture": "#rail"},
				"down": {"uv": [8, 9, 9, 10], "texture": "#rail"}
			},
			"rotation": {
				"origin": [15, 19.83, 9.129999999999997],
				"axis": "x",
				"angle": -45
			}
		},
		{
			"name": "8,8",
			"from": [8, 10.82, 1.1199999999999999],
			"to": [9, 11.870000000000001, 2.55],
			"shade": false,
			"faces": {
				"north": {"uv": [8, 8, 9, 9], "texture": "#rail"},
				"east": {"uv": [8, 8, 9, 9], "texture": "#rail"},
				"south": {"uv": [8, 8, 9, 9], "texture": "#rail"},
				"west": {"uv": [8, 8, 9, 9], "texture": "#rail"},
				"up": {"uv": [8, 8, 9, 9], "texture": "#rail"},
				"down": {"uv": [8, 8, 9, 9], "texture": "#rail"}
			},
			"rotation": {
				"origin": [15, 18.819999999999997, 8.119999999999997],
				"axis": "x",
				"angle": -45
			}
		},
		{
			"name": "8,7",
			"from": [8, 9.81, 0.1100000000000001],
			"to": [9, 10.860000000000001, 1.54],
			"shade": false,
			"faces": {
				"north": {"uv": [8, 7, 9, 8], "texture": "#rail"},
				"east": {"uv": [8, 7, 9, 8], "texture": "#rail"},
				"south": {"uv": [8, 7, 9, 8], "texture": "#rail"},
				"west": {"uv": [8, 7, 9, 8], "texture": "#rail"},
				"up": {"uv": [8, 7, 9, 8], "texture": "#rail"},
				"down": {"uv": [8, 7, 9, 8], "texture": "#rail"}
			},
			"rotation": {
				"origin": [15, 17.809999999999995, 7.109999999999998],
				"axis": "x",
				"angle": -45
			}
		},
		{
			"name": "8,6",
			"from": [8, 8.8, -0.9],
			"to": [9, 9.850000000000001, 0.5399999999999999],
			"shade": false,
			"faces": {
				"north": {"uv": [8, 6, 9, 7], "texture": "#rail"},
				"east": {"uv": [8, 6, 9, 7], "texture": "#rail"},
				"south": {"uv": [8, 6, 9, 7], "texture": "#rail"},
				"west": {"uv": [8, 6, 9, 7], "texture": "#rail"},
				"up": {"uv": [8, 6, 9, 7], "texture": "#rail"},
				"down": {"uv": [8, 6, 9, 7], "texture": "#rail"}
			},
			"rotation": {
				"origin": [15, 16.799999999999994, 6.099999999999998],
				"axis": "x",
				"angle": -45
			}
		},
		{
			"name": "8,5",
			"from": [8, 7.78, -1.92],
			"to": [9, 8.83, -0.48],
			"shade": false,
			"faces": {
				"north": {"uv": [8, 5, 9, 6], "texture": "#rail"},
				"east": {"uv": [8, 5, 9, 6], "texture": "#rail"},
				"south": {"uv": [8, 5, 9, 6], "texture": "#rail"},
				"west": {"uv": [8, 5, 9, 6], "texture": "#rail"},
				"up": {"uv": [8, 5, 9, 6], "texture": "#rail"},
				"down": {"uv": [8, 5, 9, 6], "texture": "#rail"}
			},
			"rotation": {
				"origin": [15, 15.779999999999998, 5.079999999999999],
				"axis": "x",
				"angle": -45
			}
		},
		{
			"name": "8,4",
			"from": [8, 6.76, -2.94],
			"to": [9, 7.81, -1.5],
			"shade": false,
			"faces": {
				"north": {"uv": [8, 4, 9, 5], "texture": "#rail"},
				"east": {"uv": [8, 4, 9, 5], "texture": "#rail"},
				"south": {"uv": [8, 4, 9, 5], "texture": "#rail"},
				"west": {"uv": [8, 4, 9, 5], "texture": "#rail"},
				"up": {"uv": [8, 4, 9, 5], "texture": "#rail"},
				"down": {"uv": [8, 4, 9, 5], "texture": "#rail"}
			},
			"rotation": {
				"origin": [15, 14.759999999999998, 4.0600000000000005],
				"axis": "x",
				"angle": -45
			}
		},
		{
			"name": "8,3",
			"from": [8, 5.74, -3.96],
			"to": [9, 6.79, -2.5300000000000002],
			"shade": false,
			"faces": {
				"north": {"uv": [8, 3, 9, 4], "texture": "#rail"},
				"east": {"uv": [8, 3, 9, 4], "texture": "#rail"},
				"south": {"uv": [8, 3, 9, 4], "texture": "#rail"},
				"west": {"uv": [8, 3, 9, 4], "texture": "#rail"},
				"up": {"uv": [8, 3, 9, 4], "texture": "#rail"},
				"down": {"uv": [8, 3, 9, 4], "texture": "#rail"}
			},
			"rotation": {
				"origin": [15, 13.739999999999998, 3.04],
				"axis": "x",
				"angle": -45
			}
		},
		{
			"name": "8,2",
			"from": [8, 4.73, -4.97],
			"to": [9, 5.78, -3.54],
			"shade": false,
			"faces": {
				"north": {"uv": [8, 2, 9, 3], "texture": "#rail"},
				"east": {"uv": [8, 2, 9, 3], "texture": "#rail"},
				"south": {"uv": [8, 2, 9, 3], "texture": "#rail"},
				"west": {"uv": [8, 2, 9, 3], "texture": "#rail"},
				"up": {"uv": [8, 2, 9, 3], "texture": "#rail"},
				"down": {"uv": [8, 2, 9, 3], "texture": "#rail"}
			},
			"rotation": {
				"origin": [15, 12.73, 2.0300000000000002],
				"axis": "x",
				"angle": -45
			}
		},
		{
			"name": "8,1",
			"from": [8, 3.7200000000000006, -5.98],
			"to": [9, 4.7700000000000005, -4.550000000000001],
			"shade": false,
			"faces": {
				"north": {"uv": [8, 1, 9, 2], "texture": "#rail"},
				"east": {"uv": [8, 1, 9, 2], "texture": "#rail"},
				"south": {"uv": [8, 1, 9, 2], "texture": "#rail"},
				"west": {"uv": [8, 1, 9, 2], "texture": "#rail"},
				"up": {"uv": [8, 1, 9, 2], "texture": "#rail"},
				"down": {"uv": [8, 1, 9, 2], "texture": "#rail"}
			},
			"rotation": {
				"origin": [15, 11.719999999999999, 1.0199999999999996],
				"axis": "x",
				"angle": -45
			}
		},
		{
			"name": "8,0",
			"from": [8, 2.71, -6.99],
			"to": [9, 3.76, -5.5600000000000005],
			"shade": false,
			"faces": {
				"north": {"uv": [8, 0, 9, 1], "texture": "#rail"},
				"east": {"uv": [8, 0, 9, 1], "texture": "#rail"},
				"south": {"uv": [8, 0, 9, 1], "texture": "#rail"},
				"west": {"uv": [8, 0, 9, 1], "texture": "#rail"},
				"up": {"uv": [8, 0, 9, 1], "texture": "#rail"},
				"down": {"uv": [8, 0, 9, 1], "texture": "#rail"}
			},
			"rotation": {
				"origin": [
					15,
					10.709999999999999,
					0.009999999999999787
				],
				"axis": "x",
				"angle": -45
			}
		},
		{
			"name": "9,0",
			"from": [9, 2.71, -6.99],
			"to": [10, 3.76, -5.5600000000000005],
			"shade": false,
			"faces": {
				"north": {"uv": [9, 0, 10, 1], "texture": "#rail"},
				"east": {"uv": [9, 0, 10, 1], "texture": "#rail"},
				"south": {"uv": [9, 0, 10, 1], "texture": "#rail"},
				"west": {"uv": [9, 0, 10, 1], "texture": "#rail"},
				"up": {"uv": [9, 0, 10, 1], "texture": "#rail"},
				"down": {"uv": [9, 0, 10, 1], "texture": "#rail"}
			},
			"rotation": {
				"origin": [
					16,
					10.709999999999999,
					0.009999999999999787
				],
				"axis": "x",
				"angle": -45
			}
		},
		{
			"name": "9,1",
			"from": [9, 3.7200000000000006, -5.98],
			"to": [10, 4.7700000000000005, -4.550000000000001],
			"shade": false,
			"faces": {
				"north": {"uv": [9, 1, 10, 2], "texture": "#rail"},
				"east": {"uv": [9, 1, 10, 2], "texture": "#rail"},
				"south": {"uv": [9, 1, 10, 2], "texture": "#rail"},
				"west": {"uv": [9, 1, 10, 2], "texture": "#rail"},
				"up": {"uv": [9, 1, 10, 2], "texture": "#rail"},
				"down": {"uv": [9, 1, 10, 2], "texture": "#rail"}
			},
			"rotation": {
				"origin": [16, 11.719999999999999, 1.0199999999999996],
				"axis": "x",
				"angle": -45
			}
		},
		{
			"name": "9,2",
			"from": [9, 4.73, -4.97],
			"to": [10, 5.78, -3.54],
			"shade": false,
			"faces": {
				"north": {"uv": [9, 2, 10, 3], "texture": "#rail"},
				"east": {"uv": [9, 2, 10, 3], "texture": "#rail"},
				"south": {"uv": [9, 2, 10, 3], "texture": "#rail"},
				"west": {"uv": [9, 2, 10, 3], "texture": "#rail"},
				"up": {"uv": [9, 2, 10, 3], "texture": "#rail"},
				"down": {"uv": [9, 2, 10, 3], "texture": "#rail"}
			},
			"rotation": {
				"origin": [16, 12.73, 2.0300000000000002],
				"axis": "x",
				"angle": -45
			}
		},
		{
			"name": "9,3",
			"from": [9, 5.74, -3.96],
			"to": [10, 6.79, -2.5300000000000002],
			"shade": false,
			"faces": {
				"north": {"uv": [9, 3, 10, 4], "texture": "#rail"},
				"east": {"uv": [9, 3, 10, 4], "texture": "#rail"},
				"south": {"uv": [9, 3, 10, 4], "texture": "#rail"},
				"west": {"uv": [9, 3, 10, 4], "texture": "#rail"},
				"up": {"uv": [9, 3, 10, 4], "texture": "#rail"},
				"down": {"uv": [9, 3, 10, 4], "texture": "#rail"}
			},
			"rotation": {
				"origin": [16, 13.739999999999998, 3.04],
				"axis": "x",
				"angle": -45
			}
		},
		{
			"name": "9,4",
			"from": [9, 6.76, -2.94],
			"to": [10, 7.81, -1.5],
			"shade": false,
			"faces": {
				"north": {"uv": [9, 4, 10, 5], "texture": "#rail"},
				"east": {"uv": [9, 4, 10, 5], "texture": "#rail"},
				"south": {"uv": [9, 4, 10, 5], "texture": "#rail"},
				"west": {"uv": [9, 4, 10, 5], "texture": "#rail"},
				"up": {"uv": [9, 4, 10, 5], "texture": "#rail"},
				"down": {"uv": [9, 4, 10, 5], "texture": "#rail"}
			},
			"rotation": {
				"origin": [16, 14.759999999999998, 4.0600000000000005],
				"axis": "x",
				"angle": -45
			}
		},
		{
			"name": "9,5",
			"from": [9, 7.78, -1.92],
			"to": [10, 8.83, -0.48],
			"shade": false,
			"faces": {
				"north": {"uv": [9, 5, 10, 6], "texture": "#rail"},
				"east": {"uv": [9, 5, 10, 6], "texture": "#rail"},
				"south": {"uv": [9, 5, 10, 6], "texture": "#rail"},
				"west": {"uv": [9, 5, 10, 6], "texture": "#rail"},
				"up": {"uv": [9, 5, 10, 6], "texture": "#rail"},
				"down": {"uv": [9, 5, 10, 6], "texture": "#rail"}
			},
			"rotation": {
				"origin": [16, 15.779999999999998, 5.079999999999999],
				"axis": "x",
				"angle": -45
			}
		},
		{
			"name": "9,6",
			"from": [9, 8.8, -0.9],
			"to": [10, 9.850000000000001, 0.5399999999999999],
			"shade": false,
			"faces": {
				"north": {"uv": [9, 6, 10, 7], "texture": "#rail"},
				"east": {"uv": [9, 6, 10, 7], "texture": "#rail"},
				"south": {"uv": [9, 6, 10, 7], "texture": "#rail"},
				"west": {"uv": [9, 6, 10, 7], "texture": "#rail"},
				"up": {"uv": [9, 6, 10, 7], "texture": "#rail"},
				"down": {"uv": [9, 6, 10, 7], "texture": "#rail"}
			},
			"rotation": {
				"origin": [16, 16.799999999999994, 6.099999999999998],
				"axis": "x",
				"angle": -45
			}
		},
		{
			"name": "9,7",
			"from": [9, 9.81, 0.1100000000000001],
			"to": [10, 10.860000000000001, 1.54],
			"shade": false,
			"faces": {
				"north": {"uv": [9, 7, 10, 8], "texture": "#rail"},
				"east": {"uv": [9, 7, 10, 8], "texture": "#rail"},
				"south": {"uv": [9, 7, 10, 8], "texture": "#rail"},
				"west": {"uv": [9, 7, 10, 8], "texture": "#rail"},
				"up": {"uv": [9, 7, 10, 8], "texture": "#rail"},
				"down": {"uv": [9, 7, 10, 8], "texture": "#rail"}
			},
			"rotation": {
				"origin": [16, 17.809999999999995, 7.109999999999998],
				"axis": "x",
				"angle": -45
			}
		},
		{
			"name": "9,8",
			"from": [9, 10.82, 1.1199999999999999],
			"to": [10, 11.870000000000001, 2.55],
			"shade": false,
			"faces": {
				"north": {"uv": [9, 8, 10, 9], "texture": "#rail"},
				"east": {"uv": [9, 8, 10, 9], "texture": "#rail"},
				"south": {"uv": [9, 8, 10, 9], "texture": "#rail"},
				"west": {"uv": [9, 8, 10, 9], "texture": "#rail"},
				"up": {"uv": [9, 8, 10, 9], "texture": "#rail"},
				"down": {"uv": [9, 8, 10, 9], "texture": "#rail"}
			},
			"rotation": {
				"origin": [16, 18.819999999999997, 8.119999999999997],
				"axis": "x",
				"angle": -45
			}
		},
		{
			"name": "9,9",
			"from": [9, 11.83, 2.13],
			"to": [10, 12.88, 3.5599999999999996],
			"shade": false,
			"faces": {
				"north": {"uv": [9, 9, 10, 10], "texture": "#rail"},
				"east": {"uv": [9, 9, 10, 10], "texture": "#rail"},
				"south": {"uv": [9, 9, 10, 10], "texture": "#rail"},
				"west": {"uv": [9, 9, 10, 10], "texture": "#rail"},
				"up": {"uv": [9, 9, 10, 10], "texture": "#rail"},
				"down": {"uv": [9, 9, 10, 10], "texture": "#rail"}
			},
			"rotation": {
				"origin": [16, 19.83, 9.129999999999997],
				"axis": "x",
				"angle": -45
			}
		},
		{
			"name": "9,10",
			"from": [9, 12.85, 3.1500000000000004],
			"to": [10, 13.9, 4.59],
			"shade": false,
			"faces": {
				"north": {"uv": [9, 10, 10, 11], "texture": "#rail"},
				"east": {"uv": [9, 10, 10, 11], "texture": "#rail"},
				"south": {"uv": [9, 10, 10, 11], "texture": "#rail"},
				"west": {"uv": [9, 10, 10, 11], "texture": "#rail"},
				"up": {"uv": [9, 10, 10, 11], "texture": "#rail"},
				"down": {"uv": [9, 10, 10, 11], "texture": "#rail"}
			},
			"rotation": {
				"origin": [16, 20.849999999999994, 10.149999999999999],
				"axis": "x",
				"angle": -45
			}
		},
		{
			"name": "9,15",
			"from": [9, 17.93, 8.23],
			"to": [10, 18.98, 9.67],
			"shade": false,
			"faces": {
				"north": {"uv": [9, 15, 10, 16], "texture": "#rail"},
				"east": {"uv": [9, 15, 10, 16], "texture": "#rail"},
				"south": {"uv": [9, 15, 10, 16], "texture": "#rail"},
				"west": {"uv": [9, 15, 10, 16], "texture": "#rail"},
				"up": {"uv": [9, 15, 10, 16], "texture": "#rail"},
				"down": {"uv": [9, 15, 10, 16], "texture": "#rail"}
			},
			"rotation": {
				"origin": [16, 25.929999999999993, 15.229999999999999],
				"axis": "x",
				"angle": -45
			}
		},
		{
			"name": "9,14",
			"from": [9, 16.92, 7.220000000000001],
			"to": [10, 17.970000000000002, 8.66],
			"shade": false,
			"faces": {
				"north": {"uv": [9, 14, 10, 15], "texture": "#rail"},
				"east": {"uv": [9, 14, 10, 15], "texture": "#rail"},
				"south": {"uv": [9, 14, 10, 15], "texture": "#rail"},
				"west": {"uv": [9, 14, 10, 15], "texture": "#rail"},
				"up": {"uv": [9, 14, 10, 15], "texture": "#rail"},
				"down": {"uv": [9, 14, 10, 15], "texture": "#rail"}
			},
			"rotation": {
				"origin": [16, 24.919999999999995, 14.219999999999999],
				"axis": "x",
				"angle": -45
			}
		},
		{
			"name": "9,13",
			"from": [9, 15.91, 6.210000000000001],
			"to": [10, 16.96, 7.65],
			"shade": false,
			"faces": {
				"north": {"uv": [9, 13, 10, 14], "texture": "#rail"},
				"east": {"uv": [9, 13, 10, 14], "texture": "#rail"},
				"south": {"uv": [9, 13, 10, 14], "texture": "#rail"},
				"west": {"uv": [9, 13, 10, 14], "texture": "#rail"},
				"up": {"uv": [9, 13, 10, 14], "texture": "#rail"},
				"down": {"uv": [9, 13, 10, 14], "texture": "#rail"}
			},
			"rotation": {
				"origin": [16, 23.909999999999993, 13.209999999999999],
				"axis": "x",
				"angle": -45
			}
		},
		{
			"name": "9,12",
			"from": [9, 14.89, 5.190000000000001],
			"to": [10, 15.940000000000001, 6.630000000000001],
			"shade": false,
			"faces": {
				"north": {"uv": [9, 12, 10, 13], "texture": "#rail"},
				"east": {"uv": [9, 12, 10, 13], "texture": "#rail"},
				"south": {"uv": [9, 12, 10, 13], "texture": "#rail"},
				"west": {"uv": [9, 12, 10, 13], "texture": "#rail"},
				"up": {"uv": [9, 12, 10, 13], "texture": "#rail"},
				"down": {"uv": [9, 12, 10, 13], "texture": "#rail"}
			},
			"rotation": {
				"origin": [16, 22.889999999999993, 12.19],
				"axis": "x",
				"angle": -45
			}
		},
		{
			"name": "9,11",
			"from": [9, 13.87, 4.17],
			"to": [10, 14.92, 5.609999999999999],
			"shade": false,
			"faces": {
				"north": {"uv": [9, 11, 10, 12], "texture": "#rail"},
				"east": {"uv": [9, 11, 10, 12], "texture": "#rail"},
				"south": {"uv": [9, 11, 10, 12], "texture": "#rail"},
				"west": {"uv": [9, 11, 10, 12], "texture": "#rail"},
				"up": {"uv": [9, 11, 10, 12], "texture": "#rail"},
				"down": {"uv": [9, 11, 10, 12], "texture": "#rail"}
			},
			"rotation": {
				"origin": [16, 21.86999999999999, 11.169999999999998],
				"axis": "x",
				"angle": -45
			}
		},
		{
			"name": "10,15",
			"from": [10, 17.93, 8.23],
			"to": [11, 18.98, 9.67],
			"shade": false,
			"faces": {
				"north": {"uv": [10, 15, 11, 16], "texture": "#rail"},
				"east": {"uv": [10, 15, 11, 16], "texture": "#rail"},
				"south": {"uv": [10, 15, 11, 16], "texture": "#rail"},
				"west": {"uv": [10, 15, 11, 16], "texture": "#rail"},
				"up": {"uv": [10, 15, 11, 16], "texture": "#rail"},
				"down": {"uv": [10, 15, 11, 16], "texture": "#rail"}
			},
			"rotation": {
				"origin": [17, 25.929999999999993, 15.229999999999999],
				"axis": "x",
				"angle": -45
			}
		},
		{
			"name": "10,14",
			"from": [10, 16.92, 7.220000000000001],
			"to": [11, 17.970000000000002, 8.66],
			"shade": false,
			"faces": {
				"north": {"uv": [10, 14, 11, 15], "texture": "#rail"},
				"east": {"uv": [10, 14, 11, 15], "texture": "#rail"},
				"south": {"uv": [10, 14, 11, 15], "texture": "#rail"},
				"west": {"uv": [10, 14, 11, 15], "texture": "#rail"},
				"up": {"uv": [10, 14, 11, 15], "texture": "#rail"},
				"down": {"uv": [10, 14, 11, 15], "texture": "#rail"}
			},
			"rotation": {
				"origin": [17, 24.919999999999995, 14.219999999999999],
				"axis": "x",
				"angle": -45
			}
		},
		{
			"name": "10,13",
			"from": [10, 15.91, 6.210000000000001],
			"to": [11, 16.96, 7.65],
			"shade": false,
			"faces": {
				"north": {"uv": [10, 13, 11, 14], "texture": "#rail"},
				"east": {"uv": [10, 13, 11, 14], "texture": "#rail"},
				"south": {"uv": [10, 13, 11, 14], "texture": "#rail"},
				"west": {"uv": [10, 13, 11, 14], "texture": "#rail"},
				"up": {"uv": [10, 13, 11, 14], "texture": "#rail"},
				"down": {"uv": [10, 13, 11, 14], "texture": "#rail"}
			},
			"rotation": {
				"origin": [17, 23.909999999999993, 13.209999999999999],
				"axis": "x",
				"angle": -45
			}
		},
		{
			"name": "10,12",
			"from": [10, 14.89, 5.190000000000001],
			"to": [11, 15.940000000000001, 6.630000000000001],
			"shade": false,
			"faces": {
				"north": {"uv": [10, 12, 11, 13], "texture": "#rail"},
				"east": {"uv": [10, 12, 11, 13], "texture": "#rail"},
				"south": {"uv": [10, 12, 11, 13], "texture": "#rail"},
				"west": {"uv": [10, 12, 11, 13], "texture": "#rail"},
				"up": {"uv": [10, 12, 11, 13], "texture": "#rail"},
				"down": {"uv": [10, 12, 11, 13], "texture": "#rail"}
			},
			"rotation": {
				"origin": [17, 22.889999999999993, 12.19],
				"axis": "x",
				"angle": -45
			}
		},
		{
			"name": "10,11",
			"from": [10, 13.87, 4.17],
			"to": [11, 14.92, 5.609999999999999],
			"shade": false,
			"faces": {
				"north": {"uv": [10, 11, 11, 12], "texture": "#rail"},
				"east": {"uv": [10, 11, 11, 12], "texture": "#rail"},
				"south": {"uv": [10, 11, 11, 12], "texture": "#rail"},
				"west": {"uv": [10, 11, 11, 12], "texture": "#rail"},
				"up": {"uv": [10, 11, 11, 12], "texture": "#rail"},
				"down": {"uv": [10, 11, 11, 12], "texture": "#rail"}
			},
			"rotation": {
				"origin": [17, 21.86999999999999, 11.169999999999998],
				"axis": "x",
				"angle": -45
			}
		},
		{
			"name": "10,10",
			"from": [10, 12.85, 3.1500000000000004],
			"to": [11, 13.9, 4.59],
			"shade": false,
			"faces": {
				"north": {"uv": [10, 10, 11, 11], "texture": "#rail"},
				"east": {"uv": [10, 10, 11, 11], "texture": "#rail"},
				"south": {"uv": [10, 10, 11, 11], "texture": "#rail"},
				"west": {"uv": [10, 10, 11, 11], "texture": "#rail"},
				"up": {"uv": [10, 10, 11, 11], "texture": "#rail"},
				"down": {"uv": [10, 10, 11, 11], "texture": "#rail"}
			},
			"rotation": {
				"origin": [17, 20.849999999999994, 10.149999999999999],
				"axis": "x",
				"angle": -45
			}
		},
		{
			"name": "10,9",
			"from": [10, 11.83, 2.13],
			"to": [11, 12.88, 3.5599999999999996],
			"shade": false,
			"faces": {
				"north": {"uv": [10, 9, 11, 10], "texture": "#rail"},
				"east": {"uv": [10, 9, 11, 10], "texture": "#rail"},
				"south": {"uv": [10, 9, 11, 10], "texture": "#rail"},
				"west": {"uv": [10, 9, 11, 10], "texture": "#rail"},
				"up": {"uv": [10, 9, 11, 10], "texture": "#rail"},
				"down": {"uv": [10, 9, 11, 10], "texture": "#rail"}
			},
			"rotation": {
				"origin": [17, 19.83, 9.129999999999997],
				"axis": "x",
				"angle": -45
			}
		},
		{
			"name": "10,8",
			"from": [10, 10.82, 1.1199999999999999],
			"to": [11, 11.870000000000001, 2.55],
			"shade": false,
			"faces": {
				"north": {"uv": [10, 8, 11, 9], "texture": "#rail"},
				"east": {"uv": [10, 8, 11, 9], "texture": "#rail"},
				"south": {"uv": [10, 8, 11, 9], "texture": "#rail"},
				"west": {"uv": [10, 8, 11, 9], "texture": "#rail"},
				"up": {"uv": [10, 8, 11, 9], "texture": "#rail"},
				"down": {"uv": [10, 8, 11, 9], "texture": "#rail"}
			},
			"rotation": {
				"origin": [17, 18.819999999999997, 8.119999999999997],
				"axis": "x",
				"angle": -45
			}
		},
		{
			"name": "10,7",
			"from": [10, 9.81, 0.1100000000000001],
			"to": [11, 10.860000000000001, 1.54],
			"shade": false,
			"faces": {
				"north": {"uv": [10, 7, 11, 8], "texture": "#rail"},
				"east": {"uv": [10, 7, 11, 8], "texture": "#rail"},
				"south": {"uv": [10, 7, 11, 8], "texture": "#rail"},
				"west": {"uv": [10, 7, 11, 8], "texture": "#rail"},
				"up": {"uv": [10, 7, 11, 8], "texture": "#rail"},
				"down": {"uv": [10, 7, 11, 8], "texture": "#rail"}
			},
			"rotation": {
				"origin": [17, 17.809999999999995, 7.109999999999998],
				"axis": "x",
				"angle": -45
			}
		},
		{
			"name": "10,6",
			"from": [10, 8.8, -0.9],
			"to": [11, 9.850000000000001, 0.5399999999999999],
			"shade": false,
			"faces": {
				"north": {"uv": [10, 6, 11, 7], "texture": "#rail"},
				"east": {"uv": [10, 6, 11, 7], "texture": "#rail"},
				"south": {"uv": [10, 6, 11, 7], "texture": "#rail"},
				"west": {"uv": [10, 6, 11, 7], "texture": "#rail"},
				"up": {"uv": [10, 6, 11, 7], "texture": "#rail"},
				"down": {"uv": [10, 6, 11, 7], "texture": "#rail"}
			},
			"rotation": {
				"origin": [17, 16.799999999999994, 6.099999999999998],
				"axis": "x",
				"angle": -45
			}
		},
		{
			"name": "10,5",
			"from": [10, 7.78, -1.92],
			"to": [11, 8.83, -0.48],
			"shade": false,
			"faces": {
				"north": {"uv": [10, 5, 11, 6], "texture": "#rail"},
				"east": {"uv": [10, 5, 11, 6], "texture": "#rail"},
				"south": {"uv": [10, 5, 11, 6], "texture": "#rail"},
				"west": {"uv": [10, 5, 11, 6], "texture": "#rail"},
				"up": {"uv": [10, 5, 11, 6], "texture": "#rail"},
				"down": {"uv": [10, 5, 11, 6], "texture": "#rail"}
			},
			"rotation": {
				"origin": [17, 15.779999999999998, 5.079999999999999],
				"axis": "x",
				"angle": -45
			}
		},
		{
			"name": "10,4",
			"from": [10, 6.76, -2.94],
			"to": [11, 7.81, -1.5],
			"shade": false,
			"faces": {
				"north": {"uv": [10, 4, 11, 5], "texture": "#rail"},
				"east": {"uv": [10, 4, 11, 5], "texture": "#rail"},
				"south": {"uv": [10, 4, 11, 5], "texture": "#rail"},
				"west": {"uv": [10, 4, 11, 5], "texture": "#rail"},
				"up": {"uv": [10, 4, 11, 5], "texture": "#rail"},
				"down": {"uv": [10, 4, 11, 5], "texture": "#rail"}
			},
			"rotation": {
				"origin": [17, 14.759999999999998, 4.0600000000000005],
				"axis": "x",
				"angle": -45
			}
		},
		{
			"name": "10,3",
			"from": [10, 5.74, -3.96],
			"to": [11, 6.79, -2.5300000000000002],
			"shade": false,
			"faces": {
				"north": {"uv": [10, 3, 11, 4], "texture": "#rail"},
				"east": {"uv": [10, 3, 11, 4], "texture": "#rail"},
				"south": {"uv": [10, 3, 11, 4], "texture": "#rail"},
				"west": {"uv": [10, 3, 11, 4], "texture": "#rail"},
				"up": {"uv": [10, 3, 11, 4], "texture": "#rail"},
				"down": {"uv": [10, 3, 11, 4], "texture": "#rail"}
			},
			"rotation": {
				"origin": [17, 13.739999999999998, 3.04],
				"axis": "x",
				"angle": -45
			}
		},
		{
			"name": "10,2",
			"from": [10, 4.73, -4.97],
			"to": [11, 5.78, -3.54],
			"shade": false,
			"faces": {
				"north": {"uv": [10, 2, 11, 3], "texture": "#rail"},
				"east": {"uv": [10, 2, 11, 3], "texture": "#rail"},
				"south": {"uv": [10, 2, 11, 3], "texture": "#rail"},
				"west": {"uv": [10, 2, 11, 3], "texture": "#rail"},
				"up": {"uv": [10, 2, 11, 3], "texture": "#rail"},
				"down": {"uv": [10, 2, 11, 3], "texture": "#rail"}
			},
			"rotation": {
				"origin": [17, 12.73, 2.0300000000000002],
				"axis": "x",
				"angle": -45
			}
		},
		{
			"name": "10,1",
			"from": [10, 3.7200000000000006, -5.98],
			"to": [11, 4.7700000000000005, -4.550000000000001],
			"shade": false,
			"faces": {
				"north": {"uv": [10, 1, 11, 2], "texture": "#rail"},
				"east": {"uv": [10, 1, 11, 2], "texture": "#rail"},
				"south": {"uv": [10, 1, 11, 2], "texture": "#rail"},
				"west": {"uv": [10, 1, 11, 2], "texture": "#rail"},
				"up": {"uv": [10, 1, 11, 2], "texture": "#rail"},
				"down": {"uv": [10, 1, 11, 2], "texture": "#rail"}
			},
			"rotation": {
				"origin": [17, 11.719999999999999, 1.0199999999999996],
				"axis": "x",
				"angle": -45
			}
		},
		{
			"name": "10,0",
			"from": [10, 2.71, -6.99],
			"to": [11, 3.76, -5.5600000000000005],
			"shade": false,
			"faces": {
				"north": {"uv": [10, 0, 11, 1], "texture": "#rail"},
				"east": {"uv": [10, 0, 11, 1], "texture": "#rail"},
				"south": {"uv": [10, 0, 11, 1], "texture": "#rail"},
				"west": {"uv": [10, 0, 11, 1], "texture": "#rail"},
				"up": {"uv": [10, 0, 11, 1], "texture": "#rail"},
				"down": {"uv": [10, 0, 11, 1], "texture": "#rail"}
			},
			"rotation": {
				"origin": [
					17,
					10.709999999999999,
					0.009999999999999787
				],
				"axis": "x",
				"angle": -45
			}
		},
		{
			"name": "10,1",
			"from": [11, 3.7200000000000006, -5.98],
			"to": [12, 4.7700000000000005, -4.550000000000001],
			"shade": false,
			"faces": {
				"north": {"uv": [11, 1, 12, 2], "texture": "#rail"},
				"east": {"uv": [11, 1, 12, 2], "texture": "#rail"},
				"south": {"uv": [11, 1, 12, 2], "texture": "#rail"},
				"west": {"uv": [11, 1, 12, 2], "texture": "#rail"},
				"up": {"uv": [11, 1, 12, 2], "texture": "#rail"},
				"down": {"uv": [11, 1, 12, 2], "texture": "#rail"}
			},
			"rotation": {
				"origin": [18, 11.719999999999999, 1.0199999999999996],
				"axis": "x",
				"angle": -45
			}
		},
		{
			"name": "10,2",
			"from": [11, 4.73, -4.97],
			"to": [12, 5.78, -3.54],
			"shade": false,
			"faces": {
				"north": {"uv": [11, 2, 12, 3], "texture": "#rail"},
				"east": {"uv": [11, 2, 12, 3], "texture": "#rail"},
				"south": {"uv": [11, 2, 12, 3], "texture": "#rail"},
				"west": {"uv": [11, 2, 12, 3], "texture": "#rail"},
				"up": {"uv": [11, 2, 12, 3], "texture": "#rail"},
				"down": {"uv": [11, 2, 12, 3], "texture": "#rail"}
			},
			"rotation": {
				"origin": [18, 12.73, 2.0300000000000002],
				"axis": "x",
				"angle": -45
			}
		},
		{
			"name": "10,3",
			"from": [11, 5.74, -3.96],
			"to": [12, 6.79, -2.5300000000000002],
			"shade": false,
			"faces": {
				"north": {"uv": [11, 3, 12, 4], "texture": "#rail"},
				"east": {"uv": [11, 3, 12, 4], "texture": "#rail"},
				"south": {"uv": [11, 3, 12, 4], "texture": "#rail"},
				"west": {"uv": [11, 3, 12, 4], "texture": "#rail"},
				"up": {"uv": [11, 3, 12, 4], "texture": "#rail"},
				"down": {"uv": [11, 3, 12, 4], "texture": "#rail"}
			},
			"rotation": {
				"origin": [18, 13.739999999999998, 3.04],
				"axis": "x",
				"angle": -45
			}
		},
		{
			"name": "10,4",
			"from": [11, 6.76, -2.94],
			"to": [12, 7.81, -1.5],
			"shade": false,
			"faces": {
				"north": {"uv": [11, 4, 12, 5], "texture": "#rail"},
				"east": {"uv": [11, 4, 12, 5], "texture": "#rail"},
				"south": {"uv": [11, 4, 12, 5], "texture": "#rail"},
				"west": {"uv": [11, 4, 12, 5], "texture": "#rail"},
				"up": {"uv": [11, 4, 12, 5], "texture": "#rail"},
				"down": {"uv": [11, 4, 12, 5], "texture": "#rail"}
			},
			"rotation": {
				"origin": [18, 14.759999999999998, 4.0600000000000005],
				"axis": "x",
				"angle": -45
			}
		},
		{
			"name": "10,6",
			"from": [11, 8.8, -0.9],
			"to": [12, 9.850000000000001, 0.5399999999999999],
			"shade": false,
			"faces": {
				"north": {"uv": [11, 6, 12, 7], "texture": "#rail"},
				"east": {"uv": [11, 6, 12, 7], "texture": "#rail"},
				"south": {"uv": [11, 6, 12, 7], "texture": "#rail"},
				"west": {"uv": [11, 6, 12, 7], "texture": "#rail"},
				"up": {"uv": [11, 6, 12, 7], "texture": "#rail"},
				"down": {"uv": [11, 6, 12, 7], "texture": "#rail"}
			},
			"rotation": {
				"origin": [18, 16.799999999999994, 6.099999999999998],
				"axis": "x",
				"angle": -45
			}
		},
		{
			"name": "10,5",
			"from": [11, 7.78, -1.92],
			"to": [12, 8.83, -0.48],
			"shade": false,
			"faces": {
				"north": {"uv": [11, 5, 12, 6], "texture": "#rail"},
				"east": {"uv": [11, 5, 12, 6], "texture": "#rail"},
				"south": {"uv": [11, 5, 12, 6], "texture": "#rail"},
				"west": {"uv": [11, 5, 12, 6], "texture": "#rail"},
				"up": {"uv": [11, 5, 12, 6], "texture": "#rail"},
				"down": {"uv": [11, 5, 12, 6], "texture": "#rail"}
			},
			"rotation": {
				"origin": [18, 15.779999999999998, 5.079999999999999],
				"axis": "x",
				"angle": -45
			}
		},
		{
			"name": "10,7",
			"from": [11, 9.81, 0.1100000000000001],
			"to": [12, 10.860000000000001, 1.54],
			"shade": false,
			"faces": {
				"north": {"uv": [11, 7, 12, 8], "texture": "#rail"},
				"east": {"uv": [11, 7, 12, 8], "texture": "#rail"},
				"south": {"uv": [11, 7, 12, 8], "texture": "#rail"},
				"west": {"uv": [11, 7, 12, 8], "texture": "#rail"},
				"up": {"uv": [11, 7, 12, 8], "texture": "#rail"},
				"down": {"uv": [11, 7, 12, 8], "texture": "#rail"}
			},
			"rotation": {
				"origin": [18, 17.809999999999995, 7.109999999999998],
				"axis": "x",
				"angle": -45
			}
		},
		{
			"name": "10,8",
			"from": [11, 10.82, 1.1199999999999999],
			"to": [12, 11.870000000000001, 2.55],
			"shade": false,
			"faces": {
				"north": {"uv": [11, 8, 12, 9], "texture": "#rail"},
				"east": {"uv": [11, 8, 12, 9], "texture": "#rail"},
				"south": {"uv": [11, 8, 12, 9], "texture": "#rail"},
				"west": {"uv": [11, 8, 12, 9], "texture": "#rail"},
				"up": {"uv": [11, 8, 12, 9], "texture": "#rail"},
				"down": {"uv": [11, 8, 12, 9], "texture": "#rail"}
			},
			"rotation": {
				"origin": [18, 18.819999999999997, 8.119999999999997],
				"axis": "x",
				"angle": -45
			}
		},
		{
			"name": "10,9",
			"from": [11, 11.83, 2.13],
			"to": [12, 12.88, 3.5599999999999996],
			"shade": false,
			"faces": {
				"north": {"uv": [11, 9, 12, 10], "texture": "#rail"},
				"east": {"uv": [11, 9, 12, 10], "texture": "#rail"},
				"south": {"uv": [11, 9, 12, 10], "texture": "#rail"},
				"west": {"uv": [11, 9, 12, 10], "texture": "#rail"},
				"up": {"uv": [11, 9, 12, 10], "texture": "#rail"},
				"down": {"uv": [11, 9, 12, 10], "texture": "#rail"}
			},
			"rotation": {
				"origin": [18, 19.83, 9.129999999999997],
				"axis": "x",
				"angle": -45
			}
		},
		{
			"name": "10,10",
			"from": [11, 12.85, 3.1500000000000004],
			"to": [12, 13.9, 4.59],
			"shade": false,
			"faces": {
				"north": {"uv": [11, 10, 12, 11], "texture": "#rail"},
				"east": {"uv": [11, 10, 12, 11], "texture": "#rail"},
				"south": {"uv": [11, 10, 12, 11], "texture": "#rail"},
				"west": {"uv": [11, 10, 12, 11], "texture": "#rail"},
				"up": {"uv": [11, 10, 12, 11], "texture": "#rail"},
				"down": {"uv": [11, 10, 12, 11], "texture": "#rail"}
			},
			"rotation": {
				"origin": [18, 20.849999999999994, 10.149999999999999],
				"axis": "x",
				"angle": -45
			}
		},
		{
			"name": "10,11",
			"from": [11, 13.87, 4.17],
			"to": [12, 14.92, 5.609999999999999],
			"shade": false,
			"faces": {
				"north": {"uv": [11, 11, 12, 12], "texture": "#rail"},
				"east": {"uv": [11, 11, 12, 12], "texture": "#rail"},
				"south": {"uv": [11, 11, 12, 12], "texture": "#rail"},
				"west": {"uv": [11, 11, 12, 12], "texture": "#rail"},
				"up": {"uv": [11, 11, 12, 12], "texture": "#rail"},
				"down": {"uv": [11, 11, 12, 12], "texture": "#rail"}
			},
			"rotation": {
				"origin": [18, 21.86999999999999, 11.169999999999998],
				"axis": "x",
				"angle": -45
			}
		},
		{
			"name": "10,12",
			"from": [11, 14.89, 5.190000000000001],
			"to": [12, 15.940000000000001, 6.630000000000001],
			"shade": false,
			"faces": {
				"north": {"uv": [11, 12, 12, 13], "texture": "#rail"},
				"east": {"uv": [11, 12, 12, 13], "texture": "#rail"},
				"south": {"uv": [11, 12, 12, 13], "texture": "#rail"},
				"west": {"uv": [11, 12, 12, 13], "texture": "#rail"},
				"up": {"uv": [11, 12, 12, 13], "texture": "#rail"},
				"down": {"uv": [11, 12, 12, 13], "texture": "#rail"}
			},
			"rotation": {
				"origin": [18, 22.889999999999993, 12.19],
				"axis": "x",
				"angle": -45
			}
		},
		{
			"name": "10,13",
			"from": [11, 15.91, 6.210000000000001],
			"to": [12, 16.96, 7.65],
			"shade": false,
			"faces": {
				"north": {"uv": [11, 13, 12, 14], "texture": "#rail"},
				"east": {"uv": [11, 13, 12, 14], "texture": "#rail"},
				"south": {"uv": [11, 13, 12, 14], "texture": "#rail"},
				"west": {"uv": [11, 13, 12, 14], "texture": "#rail"},
				"up": {"uv": [11, 13, 12, 14], "texture": "#rail"},
				"down": {"uv": [11, 13, 12, 14], "texture": "#rail"}
			},
			"rotation": {
				"origin": [18, 23.909999999999993, 13.209999999999999],
				"axis": "x",
				"angle": -45
			}
		},
		{
			"name": "10,14",
			"from": [11, 16.92, 7.220000000000001],
			"to": [12, 17.970000000000002, 8.66],
			"shade": false,
			"faces": {
				"north": {"uv": [11, 14, 12, 15], "texture": "#rail"},
				"east": {"uv": [11, 14, 12, 15], "texture": "#rail"},
				"south": {"uv": [11, 14, 12, 15], "texture": "#rail"},
				"west": {"uv": [11, 14, 12, 15], "texture": "#rail"},
				"up": {"uv": [11, 14, 12, 15], "texture": "#rail"},
				"down": {"uv": [11, 14, 12, 15], "texture": "#rail"}
			},
			"rotation": {
				"origin": [18, 24.919999999999995, 14.219999999999999],
				"axis": "x",
				"angle": -45
			}
		},
		{
			"name": "Golden Left 1",
			"from": [4, 23.04, 4.840000000000001],
			"to": [5, 24.04, 11.420000000000002],
			"shade": true,
			"faces": {
				"north": {"uv": [4, 12, 5, 13], "texture": "#rail"},
				"east": {
					"uv": [4, 12, 5, 16],
					"texture": "#rail",
					"rotation": 90
				},
				"south": {"uv": [4, 15, 5, 16], "texture": "#rail"},
				"west": {
					"uv": [4, 12, 5, 16],
					"texture": "#rail",
					"rotation": 270
				},
				"up": {"uv": [4, 12, 5, 16], "texture": "#rail"},
				"down": {
					"uv": [4, 12, 5, 16],
					"texture": "#rail",
					"rotation": 180
				}
			},
			"rotation": {
				"origin": [8, 27.14, 20.839999999999996],
				"axis": "x",
				"angle": -45
			}
		},
		{
			"name": "Golden Left 2",
			"from": [4, 14.81, -3.3900000000000006],
			"to": [5, 15.81, 8.25],
			"shade": true,
			"faces": {
				"north": {"uv": [4, 4, 5, 5], "texture": "#rail"},
				"east": {
					"uv": [4, 4, 5, 12],
					"texture": "#rail",
					"rotation": 90
				},
				"south": {"uv": [4, 11, 5, 12], "texture": "#rail"},
				"west": {
					"uv": [4, 4, 5, 12],
					"texture": "#rail",
					"rotation": 270
				},
				"up": {"uv": [4, 4, 5, 12], "texture": "#rail"},
				"down": {
					"uv": [4, 4, 5, 12],
					"texture": "#rail",
					"rotation": 180
				}
			},
			"rotation": {
				"origin": [8, 18.910000000000004, 12.61],
				"axis": "x",
				"angle": -45
			}
		},
		{
			"name": "Golden Left 3",
			"from": [4, 10.65, -7.55],
			"to": [5, 11.65, -1.6600000000000001],
			"shade": true,
			"faces": {
				"north": {"uv": [4, 0, 5, 1], "texture": "#rail"},
				"east": {
					"uv": [4, 0, 5, 4],
					"texture": "#rail",
					"rotation": 90
				},
				"south": {"uv": [4, 3, 5, 4], "texture": "#rail"},
				"west": {
					"uv": [4, 0, 5, 4],
					"texture": "#rail",
					"rotation": 270
				},
				"up": {"uv": [4, 0, 5, 4], "texture": "#rail"},
				"down": {
					"uv": [4, 0, 5, 4],
					"texture": "#rail",
					"rotation": 180
				}
			},
			"rotation": {
				"origin": [8, 14.750000000000002, 8.449999999999996],
				"axis": "x",
				"angle": -45
			}
		},
		{
			"name": "Golden Right 2",
			"from": [11, 14.81, -3.3900000000000006],
			"to": [12, 15.81, 8.25],
			"shade": true,
			"faces": {
				"north": {"uv": [11, 4, 12, 5], "texture": "#rail"},
				"east": {
					"uv": [11, 4, 12, 12],
					"texture": "#rail",
					"rotation": 90
				},
				"south": {"uv": [11, 11, 12, 12], "texture": "#rail"},
				"west": {
					"uv": [11, 4, 12, 12],
					"texture": "#rail",
					"rotation": 270
				},
				"up": {"uv": [11, 4, 12, 12], "texture": "#rail"},
				"down": {
					"uv": [11, 4, 12, 12],
					"texture": "#rail",
					"rotation": 180
				}
			},
			"rotation": {
				"origin": [15, 18.910000000000004, 12.61],
				"axis": "x",
				"angle": -45
			}
		},
		{
			"name": "Golden Right 1",
			"from": [11, 23.04, 4.840000000000001],
			"to": [12, 24.04, 11.420000000000002],
			"shade": true,
			"faces": {
				"north": {"uv": [11, 12, 12, 13], "texture": "#rail"},
				"east": {
					"uv": [11, 12, 12, 16],
					"texture": "#rail",
					"rotation": 90
				},
				"south": {"uv": [11, 15, 12, 16], "texture": "#rail"},
				"west": {
					"uv": [11, 12, 12, 16],
					"texture": "#rail",
					"rotation": 270
				},
				"up": {"uv": [11, 12, 12, 16], "texture": "#rail"},
				"down": {
					"uv": [11, 12, 12, 16],
					"texture": "#rail",
					"rotation": 180
				}
			},
			"rotation": {
				"origin": [15, 27.14, 20.839999999999996],
				"axis": "x",
				"angle": -45
			}
		},
		{
			"name": "Golden Right 3",
			"from": [11, 10.65, -7.55],
			"to": [12, 11.65, -1.6600000000000001],
			"shade": true,
			"faces": {
				"north": {"uv": [11, 0, 12, 1], "texture": "#rail"},
				"east": {
					"uv": [11, 0, 12, 4],
					"texture": "#rail",
					"rotation": 90
				},
				"south": {"uv": [11, 3, 12, 4], "texture": "#rail"},
				"west": {
					"uv": [11, 0, 12, 4],
					"texture": "#rail",
					"rotation": 270
				},
				"up": {"uv": [11, 0, 12, 4], "texture": "#rail"},
				"down": {
					"uv": [11, 0, 12, 4],
					"texture": "#rail",
					"rotation": 180
				}
			},
			"rotation": {
				"origin": [15, 14.750000000000002, 8.449999999999996],
				"axis": "x",
				"angle": -45
			}
		}
	],
	"display": {
		"thirdperson_righthand": {
			"rotation": [0, 0, 0],
			"translation": [-0.5, 0, 0],
			"scale": [1, 0, 0]
		},
		"thirdperson_lefthand": {},
		"firstperson_righthand": {},
		"firstperson_lefthand": {},
		"head": {},
		"ground": {},
		"fixed": {},
		"gui": {}
	}
}
