{
	"__comment": "Designed by HanFox with Cubik - http://bdcraft.net",
	"parent": "block/block",
	"textures": {
		"particle": "forestry:blocks/wood/planks.greenheart",
		"post": "forestry:blocks/fences/bdc_fence_post_side2",
		"top": "forestry:blocks/fences/bdc_fence_post_top1",
		"crossbartop": "forestry:blocks/fences/bdc_fence_crossbar_top1",
		"crossbarside": "forestry:blocks/fences/bdc_fence_crossbar_side1"
	},
	"elements": [
		{
			"__comment": "Inner vertical post of left-hand gate door",
			"from": [ 1, 6, 0 ],
			"to": [ 3, 15, 2 ],
			"faces": {
				"down": { "uv": [ 0, 8, 4, 12 ], "texture": "#top", "rotation": 270 },
				"up": { "uv": [ 0, 12, 4, 8 ], "texture": "#top", "rotation": 90 },
				"north": { "uv": [ 0, 0, 4, 8 ], "texture": "#post" },
				"south": { "uv": [ 0, 0, 4, 8 ], "texture": "#post" },
				"west": { "uv": [ 0, 0, 4, 8 ], "texture": "#post" },
				"east": { "uv": [ 0, 0, 4, 8 ], "texture": "#post" }
			}
		},
		{
			"__comment": "Inner vertical post of right-hand gate door",
			"from": [ 1, 6, 14 ],
			"to": [ 3, 15, 16 ],
			"faces": {
				"down": { "uv": [ 0, 8, 4, 12 ], "texture": "#top", "rotation": 270 },
				"up": { "uv": [ 0, 12, 4, 8 ], "texture": "#top", "rotation": 90 },
				"north": { "uv": [ 0, 0, 4, 8 ], "texture": "#post" },
				"south": { "uv": [ 0, 0, 4, 8 ], "texture": "#post" },
				"west": { "uv": [ 0, 0, 4, 8 ], "texture": "#post" },
				"east": { "uv": [ 0, 0, 4, 8 ], "texture": "#post" }
			}
		},
		{
			"__comment": "Upper horizontal bar of left-hand gate door",
			"from": [ 3, 12, 0 ],
			"to": [ 5, 15, 2 ],
			"faces": {
				"down": { "uv": [ 6, 8, 8, 10 ], "texture": "#crossbartop", "rotation": 180 },
				"up": { "uv": [ 5.5, 8, 3, 10 ], "texture": "#crossbartop" },
				"north": { "uv": [ 5, 12, 2.5, 15 ], "texture": "#crossbarside" },
				"south": { "uv": [ 2.5, 12, 5, 15 ], "texture": "#crossbarside" }
			}
		},
		{
			"__comment": "Upper horizontal bar of left-hand gate door2",
			"from": [ 5, 12, 0 ],
			"to": [ 7, 15, 2 ],
			"faces": {
				"down": { "uv": [ 6, 8, 8, 10 ], "texture": "#crossbartop", "rotation": 180 },
				"up": { "uv": [ 3, 8, 5.5, 10 ], "texture": "#crossbartop" },
				"north": { "uv": [ 2.5, 12, 5, 15 ], "texture": "#crossbarside" },
				"south": { "uv": [ 5, 12, 2.5, 15 ], "texture": "#crossbarside" }
			}
		},
		{
			"__comment": "Lower horizontal bar of left-hand gate door",
			"from": [ 3, 6, 0 ],
			"to": [ 5, 9, 2 ],
			"faces": {
				"down": { "uv": [ 6, 8, 8, 10 ], "texture": "#crossbartop", "rotation": 180 },
				"up": { "uv": [ 5.5, 8, 3, 10 ], "texture": "#crossbartop" },
				"north": { "uv": [ 5, 12, 2.5, 15 ], "texture": "#crossbarside" },
				"south": { "uv": [ 2.5, 12, 5, 15 ], "texture": "#crossbarside" }
			}
		},
		{
			"__comment": "Lower horizontal bar of left-hand gate door2",
			"from": [ 5, 6, 0 ],
			"to": [ 7, 9, 2 ],
			"faces": {
				"down": { "uv": [ 6, 8, 8, 10 ], "texture": "#crossbartop", "rotation": 180 },
				"up": { "uv": [ 3, 8, 5.5, 10 ], "texture": "#crossbartop" },
				"north": { "uv": [ 2.5, 12, 5, 15 ], "texture": "#crossbarside" },
				"south": { "uv": [ 5, 12, 2.5, 15 ], "texture": "#crossbarside" }
			}
		},
		{
			"__comment": "Lower horizontal bar of right-hand gate door",
			"from": [ 5, 6, 14 ],
			"to": [ 7, 9, 16 ],
			"faces": {
				"down": { "uv": [ 6, 8, 8, 10 ], "texture": "#crossbartop", "rotation": 180 },
				"up": { "uv": [ 3, 8, 5.5, 10 ], "texture": "#crossbartop" },
				"north": { "uv": [ 2.5, 12, 5, 15 ], "texture": "#crossbarside" },
				"south": { "uv": [ 5, 12, 2.5, 15 ], "texture": "#crossbarside" }
			}
		},
		{
			"__comment": "Upper horizontal bar of right-hand gate door2",
			"from": [ 3, 12, 14 ],
			"to": [ 5, 15, 16 ],
			"faces": {
				"down": { "uv": [ 6, 8, 8, 10 ], "texture": "#crossbartop", "rotation": 180 },
				"up": { "uv": [ 5.5, 8, 3, 10 ], "texture": "#crossbartop" },
				"north": { "uv": [ 5, 12, 2.5, 15 ], "texture": "#crossbarside" },
				"south": { "uv": [ 2.5, 12, 5, 15 ], "texture": "#crossbarside" }
			}
		},
		{
			"__comment": "Upper horizontal bar of right-hand gate door",
			"from": [ 5, 12, 14 ],
			"to": [ 7, 15, 16 ],
			"faces": {
				"down": { "uv": [ 6, 8, 8, 10 ], "texture": "#crossbartop", "rotation": 180 },
				"up": { "uv": [ 3, 8, 5.5, 10 ], "texture": "#crossbartop" },
				"north": { "uv": [ 2.5, 12, 5, 15 ], "texture": "#crossbarside" },
				"south": { "uv": [ 5, 12, 2.5, 15 ], "texture": "#crossbarside" }
			}
		},
		{
			"__comment": "Lower horizontal bar of right-hand gate door2",
			"from": [ 3, 6, 14 ],
			"to": [ 5, 9, 16 ],
			"faces": {
				"down": { "uv": [ 6, 8, 8, 10 ], "texture": "#crossbartop", "rotation": 180 },
				"up": { "uv": [ 5.5, 8, 3, 10 ], "texture": "#crossbartop" },
				"north": { "uv": [ 5, 12, 2.5, 15 ], "texture": "#crossbarside" },
				"south": { "uv": [ 2.5, 12, 5, 15 ], "texture": "#crossbarside" }
			}
		}
	]
}
