{
	"credit": "Made by leagris for Soartex Fanver, with Blockbench, a free, modern block model editor by JannisX11",
	"ambientocclusion": false,
	"textures": {
		"rail": "blocks/rail_normal",
		"texture": "blocks/rail_detector",
		"particle": "blocks/rail_detector",
		"rail_parts": "blocks/rail/rail_parts"
	},
	"elements": [
		{
			"name": "cube",
			"from": [1.5, 8, 15.25],
			"to": [14.5, 9, 17.5],
			"faces": {
				"north": {"uv": [0.016, 9.016, 12.968, 9.968], "texture": "#rail_parts"},
				"east": {"uv": [15.218, 9.016, 13.016, 9.968], "texture": "#rail_parts"},
				"south": {"uv": [12.968, 9.016, 0.016, 9.968], "texture": "#rail_parts"},
				"west": {"uv": [13.016, 9.016, 15.218, 9.968], "texture": "#rail_parts"},
				"up": {"uv": [0.016, 6.766, 12.968, 8.968], "texture": "#rail_parts"},
				"down": {"uv": [0.016, 8.984, 12.984, 6.766], "texture": "#rail_parts"}
			},
			"rotation": {"origin": [8, 8, 8], "axis": "x", "angle": 45},
			"type": "cube"
		},
		{
			"name": "cube",
			"from": [13.25, 9, 11.5],
			"to": [14, 9.25, 12.25],
			"faces": {
				"north": {"uv": [13.984, 9.766, 13.266, 9.984], "texture": "#texture"},
				"east": {
					"uv": [13.766, 9.766, 13.984, 10.484],
					"texture": "#texture",
					"rotation": 90
				},
				"south": {"uv": [13.266, 10.266, 13.984, 10.484], "texture": "#texture"},
				"up": {"uv": [13.266, 9.766, 13.984, 10.484], "texture": "#texture"}
			},
			"rotation": {"origin": [8, 8, 8], "axis": "x", "angle": 45},
			"type": "cube"
		},
		{
			"name": "cube",
			"from": [13.25, 9, 2.4999999999999996],
			"to": [14, 9.25, 3.2499999999999996],
			"faces": {
				"north": {"uv": [13.984, 1.766, 13.266, 1.984], "texture": "#texture"},
				"east": {"uv": [13.766, 1.766, 13.984, 2.484], "texture": "#texture", "rotation": 90},
				"south": {"uv": [13.266, 2.266, 13.984, 2.484], "texture": "#texture"},
				"up": {"uv": [13.266, 1.766, 13.984, 2.484], "texture": "#texture"}
			},
			"rotation": {"origin": [8, 8, 8], "axis": "x", "angle": 45},
			"type": "cube"
		},
		{
			"name": "cube",
			"from": [13.25, 9, 16],
			"to": [14, 9.25, 16.75],
			"faces": {
				"north": {"uv": [13.984, 13.766, 13.266, 13.984], "texture": "#texture"},
				"east": {
					"uv": [13.766, 13.766, 13.984, 14.484],
					"texture": "#texture",
					"rotation": 90
				},
				"south": {"uv": [13.266, 14.266, 13.984, 14.484], "texture": "#texture"},
				"up": {"uv": [13.266, 13.766, 13.984, 14.484], "texture": "#texture"}
			},
			"rotation": {"origin": [8, 8, 8], "axis": "x", "angle": 45},
			"type": "cube"
		},
		{
			"name": "cube",
			"from": [2, 9, 16],
			"to": [2.75, 9.25, 16.75],
			"faces": {
				"north": {"uv": [2.016, 13.766, 2.734, 13.984], "texture": "#texture"},
				"south": {"uv": [2.734, 14.266, 2.016, 14.484], "texture": "#texture"},
				"west": {
					"uv": [2.516, 13.766, 2.734, 14.484],
					"texture": "#texture",
					"rotation": 270
				},
				"up": {"uv": [2.734, 13.766, 2.016, 14.484], "texture": "#texture"}
			},
			"rotation": {"origin": [8, 8, 8], "axis": "x", "angle": 45},
			"type": "cube"
		},
		{
			"name": "cube",
			"from": [2, 9, 11.5],
			"to": [2.75, 9.25, 12.25],
			"faces": {
				"north": {"uv": [2.016, 9.766, 2.734, 9.984], "texture": "#texture"},
				"south": {"uv": [2.734, 10.266, 2.016, 10.484], "texture": "#texture"},
				"west": {"uv": [2.516, 9.766, 2.734, 10.484], "texture": "#texture", "rotation": 270},
				"up": {"uv": [2.734, 9.766, 2.016, 10.484], "texture": "#texture"}
			},
			"rotation": {"origin": [8, 8, 8], "axis": "x", "angle": 45},
			"type": "cube"
		},
		{
			"name": "cube",
			"from": [2, 9, 2.4999999999999996],
			"to": [2.75, 9.25, 3.2499999999999996],
			"faces": {
				"north": {"uv": [2.016, 1.766, 2.734, 1.984], "texture": "#texture"},
				"south": {"uv": [2.734, 2.266, 2.016, 2.484], "texture": "#texture"},
				"west": {"uv": [2.516, 1.766, 2.7178, 2.4678], "texture": "#texture", "rotation": 90},
				"up": {"uv": [2.734, 1.766, 2.016, 2.484], "texture": "#texture"}
			},
			"rotation": {"origin": [8, 8, 8], "axis": "x", "angle": 45},
			"type": "cube"
		},
		{
			"name": "cube",
			"from": [13.25, 9, -2.0000000000000004],
			"to": [14, 9.25, -1.2500000000000004],
			"faces": {
				"north": {"uv": [13.984, 9.766, 13.266, 9.984], "texture": "#texture"},
				"east": {
					"uv": [13.766, 9.766, 13.984, 10.484],
					"texture": "#texture",
					"rotation": 90
				},
				"south": {"uv": [13.266, 10.266, 13.984, 10.484], "texture": "#texture"},
				"up": {"uv": [13.266, 9.766, 13.984, 10.484], "texture": "#texture"}
			},
			"rotation": {"origin": [8, 8, 8], "axis": "x", "angle": 45},
			"type": "cube"
		},
		{
			"name": "cube",
			"from": [1.5, 8, -2.7500000000000004],
			"to": [14.5, 9, -0.5000000000000004],
			"faces": {
				"north": {"uv": [0.016, 9.016, 12.968, 9.968], "texture": "#rail_parts"},
				"east": {"uv": [15.218, 9.016, 13.016, 9.968], "texture": "#rail_parts"},
				"south": {"uv": [12.968, 9.016, 0.016, 9.968], "texture": "#rail_parts"},
				"west": {"uv": [13.016, 9.016, 15.218, 9.968], "texture": "#rail_parts"},
				"up": {"uv": [0.016, 4.516, 12.984, 6.734], "texture": "#rail_parts"},
				"down": {"uv": [0.016, 6.734, 12.984, 4.516], "texture": "#rail_parts"}
			},
			"rotation": {"origin": [8, 8, 8], "axis": "x", "angle": 45},
			"type": "cube"
		},
		{
			"name": "cube",
			"from": [2, 9, -2.0000000000000004],
			"to": [2.75, 9.25, -1.2500000000000004],
			"faces": {
				"north": {"uv": [2.016, 9.766, 2.734, 9.984], "texture": "#texture"},
				"south": {"uv": [2.734, 10.266, 2.016, 10.484], "texture": "#texture"},
				"west": {"uv": [2.516, 9.766, 2.734, 10.484], "texture": "#texture", "rotation": 270},
				"up": {"uv": [2.734, 9.766, 2.016, 10.484], "texture": "#texture"}
			},
			"rotation": {"origin": [8, 8, 8], "axis": "x", "angle": 45},
			"type": "cube"
		},
		{
			"name": "cube",
			"from": [2, 9, 7],
			"to": [2.75, 9.25, 7.75],
			"faces": {
				"north": {"uv": [2.016, 5.766, 2.734, 5.984], "texture": "#texture"},
				"south": {"uv": [2.734, 6.266, 2.016, 6.484], "texture": "#texture"},
				"west": {"uv": [2.516, 5.766, 2.734, 6.484], "texture": "#texture", "rotation": 270},
				"up": {"uv": [2.734, 5.766, 2.016, 6.484], "texture": "#texture"}
			},
			"rotation": {"origin": [8, 8, 8], "axis": "x", "angle": 45},
			"type": "cube"
		},
		{
			"name": "cube",
			"from": [13.25, 9, 7],
			"to": [14, 9.25, 7.75],
			"faces": {
				"north": {"uv": [13.984, 5.766, 13.266, 5.984], "texture": "#texture"},
				"east": {"uv": [13.766, 5.766, 13.984, 6.484], "texture": "#texture", "rotation": 90},
				"south": {"uv": [13.266, 6.266, 13.984, 6.484], "texture": "#texture"},
				"up": {"uv": [13.266, 5.766, 13.984, 6.484], "texture": "#texture"}
			},
			"rotation": {"origin": [8, 8, 8], "axis": "x", "angle": 45},
			"type": "cube"
		},
		{
			"name": "cube",
			"from": [4.5, 9.25, 6.75],
			"to": [11.5, 9.5, 8],
			"faces": {
				"north": {"uv": [11.484, 7.266, 4.516, 7.484], "texture": "#texture"},
				"east": {"uv": [4.516, 7.266, 4.734, 8.484], "texture": "#texture", "rotation": 90},
				"west": {
					"uv": [11.266, 7.266, 11.484, 8.484],
					"texture": "#texture",
					"rotation": 270
				},
				"up": {"uv": [11.484, 7.266, 4.516, 8.484], "texture": "#texture"}
			},
			"rotation": {"origin": [16, 8, 8], "axis": "x", "angle": 45},
			"type": "cube"
		},
		{
			"name": "cube",
			"from": [4.25, 9, 7],
			"to": [11.75, 9.25, 7.75],
			"faces": {
				"up": {"uv": [11.734, 7.516, 4.266, 8.234], "texture": "#texture"},
				"down": {"uv": [4.266, 7.516, 11.734, 8.234], "texture": "#texture"}
			},
			"rotation": {"origin": [16, 8, 8], "axis": "x", "angle": 45},
			"type": "cube"
		},
		{
			"name": "cube",
			"from": [4.5, 9.25, 8],
			"to": [11.5, 9.5, 10],
			"faces": {
				"east": {"uv": [11.266, 7.266, 11.484, 9.234], "texture": "#texture", "rotation": 90},
				"south": {"uv": [4.516, 9.016, 11.484, 9.234], "texture": "#texture"},
				"west": {"uv": [4.516, 7.266, 4.734, 9.234], "texture": "#texture", "rotation": 270},
				"up": {"uv": [4.516, 7.266, 11.484, 9.234], "texture": "#texture"}
			},
			"rotation": {"origin": [16, 8, 8], "axis": "x", "angle": 45},
			"type": "cube"
		},
		{
			"name": "cube",
			"from": [4.25, 9, 7.75],
			"to": [11.75, 9.25, 10.25],
			"faces": {
				"south": {"uv": [4.266, 9.266, 11.734, 9.484], "texture": "#texture"},
				"up": {"uv": [4.266, 7.016, 11.734, 9.484], "texture": "#texture"},
				"down": {"uv": [4.266, 9.484, 11.734, 7.016], "texture": "#texture"}
			},
			"rotation": {"origin": [16, 8, 8], "axis": "x", "angle": 45},
			"type": "cube"
		},
		{
			"name": "cube",
			"from": [4.25, 9, 4.5],
			"to": [11.75, 9.25, 7],
			"faces": {
				"north": {"uv": [11.734, 7.016, 4.266, 7.234], "texture": "#texture"},
				"up": {"uv": [4.266, 7.016, 11.734, 9.484], "texture": "#texture"},
				"down": {"uv": [11.734, 9.484, 4.266, 7.016], "texture": "#texture"}
			},
			"rotation": {"origin": [16, 8, 8], "axis": "x", "angle": 45},
			"type": "cube"
		},
		{
			"name": "cube",
			"from": [4.5, 9.25, 4.75],
			"to": [11.5, 9.5, 6.75],
			"faces": {
				"north": {"uv": [11.484, 7.266, 4.516, 7.484], "texture": "#texture"},
				"east": {"uv": [11.266, 7.266, 11.484, 9.234], "texture": "#texture", "rotation": 90},
				"west": {"uv": [4.516, 7.266, 4.734, 9.234], "texture": "#texture", "rotation": 270},
				"up": {"uv": [4.516, 7.266, 11.484, 9.234], "texture": "#texture"}
			},
			"rotation": {"origin": [16, 8, 8], "axis": "x", "angle": 45},
			"type": "cube"
		},
		{
			"name": "cube",
			"from": [11.75, 8.5, 14],
			"to": [13.25, 9.5, 15.25],
			"faces": {
				"north": {"uv": [2.766, 0.016, 4.234, 0.984], "texture": "#texture"},
				"east": {"uv": [14.766, 15.016, 15.984, 15.984], "texture": "#rail_parts"},
				"west": {"uv": [0.016, 15.016, 1.234, 15.984], "texture": "#rail_parts"},
				"up": {"uv": [11.766, 14.766, 13.234, 15.984], "texture": "#texture"},
				"down": {"uv": [4.234, 15.984, 2.766, 14.766], "texture": "#texture"}
			},
			"rotation": {"origin": [16, 8, 8], "axis": "x", "angle": 45},
			"type": "cube"
		},
		{
			"name": "cube",
			"from": [12.25, 8.75, 0.75],
			"to": [12.75, 9.25, 14],
			"faces": {
				"up": {"uv": [12.266, 1.516, 12.734, 14.734], "texture": "#texture"},
				"down": {"uv": [12.266, 14.734, 12.734, 1.516], "texture": "#texture"}
			},
			"rotation": {"origin": [16, 8, 8], "axis": "x", "angle": 45},
			"type": "cube"
		},
		{
			"name": "cube",
			"from": [11.75, 8.5, -0.7500000000000004],
			"to": [13.25, 9.5, 0.7499999999999996],
			"faces": {
				"east": {"uv": [0.016, 15.016, 1.484, 15.984], "texture": "#rail_parts"},
				"south": {"uv": [11.766, 0.016, 13.234, 0.984], "texture": "#texture"},
				"west": {"uv": [14.516, 15.016, 15.984, 15.984], "texture": "#rail_parts"},
				"up": {"uv": [11.766, 0.016, 13.234, 1.484], "texture": "#texture"},
				"down": {"uv": [4.234, 14.766, 2.766, 15.984], "texture": "#texture"}
			},
			"rotation": {"origin": [16, 8, 8], "axis": "x", "angle": 45},
			"type": "cube"
		},
		{
			"name": "cube",
			"from": [11.75, 8.5, 0.75],
			"to": [12.25, 9.5, 14],
			"faces": {
				"east": {"uv": [1.516, 15.016, 14.734, 15.984], "texture": "#rail_parts"},
				"west": {"uv": [1.516, 15.016, 14.734, 15.984], "texture": "#rail_parts"},
				"up": {"uv": [11.786, 1.516, 12.234, 14.734], "texture": "#texture"},
				"down": {"uv": [11.786, 14.734, 12.234, 1.516], "texture": "#texture"}
			},
			"rotation": {"origin": [16, 8, 8], "axis": "x", "angle": 45},
			"type": "cube"
		},
		{
			"name": "cube",
			"from": [12.75, 8.5, 0.75],
			"to": [13.25, 9.5, 14],
			"faces": {
				"east": {"uv": [1.266, 15.016, 14.484, 15.984], "texture": "#rail_parts"},
				"west": {"uv": [1.516, 15.016, 14.734, 15.984], "texture": "#rail_parts"},
				"up": {"uv": [12.766, 1.516, 13.214, 14.734], "texture": "#texture"},
				"down": {"uv": [12.766, 14.734, 13.214, 1.516], "texture": "#texture"}
			},
			"rotation": {"origin": [16, 8, 8], "axis": "x", "angle": 45},
			"type": "cube"
		},
		{
			"name": "cube",
			"from": [2.75, 8.5, 14],
			"to": [4.25, 9.5, 15.25],
			"faces": {
				"north": {"uv": [11.766, 0.016, 13.234, 0.984], "texture": "#texture"},
				"east": {"uv": [0.016, 15.016, 1.234, 15.984], "texture": "#rail_parts"},
				"west": {"uv": [14.766, 15.016, 15.984, 15.984], "texture": "#rail_parts"},
				"up": {"uv": [2.766, 14.766, 4.234, 15.984], "texture": "#texture"},
				"down": {"uv": [13.234, 15.984, 11.766, 14.766], "texture": "#texture"}
			},
			"rotation": {"origin": [16, 8, 8], "axis": "x", "angle": 45},
			"type": "cube"
		},
		{
			"name": "cube",
			"from": [3.75, 8.5, 0.75],
			"to": [4.25, 9.5, 14],
			"faces": {
				"east": {"uv": [1.266, 15.016, 14.484, 15.984], "texture": "#rail_parts"},
				"west": {"uv": [1.516, 15.016, 14.734, 15.984], "texture": "#rail_parts"},
				"up": {"uv": [3.766, 1.516, 4.214, 14.734], "texture": "#texture"},
				"down": {"uv": [3.766, 14.734, 4.214, 1.516], "texture": "#texture"}
			},
			"rotation": {"origin": [16, 8, 8], "axis": "x", "angle": 45},
			"type": "cube"
		},
		{
			"name": "cube",
			"from": [2.75, 8.5, 0.75],
			"to": [3.25, 9.5, 14],
			"faces": {
				"east": {"uv": [1.516, 15.016, 14.734, 15.984], "texture": "#rail_parts"},
				"west": {"uv": [1.266, 15.016, 14.484, 15.984], "texture": "#rail_parts"},
				"up": {"uv": [2.786, 1.516, 3.234, 14.734], "texture": "#texture"},
				"down": {"uv": [2.786, 14.734, 3.234, 1.516], "texture": "#texture"}
			},
			"rotation": {"origin": [16, 8, 8], "axis": "x", "angle": 45},
			"type": "cube"
		},
		{
			"name": "cube",
			"from": [3.25, 8.75, 0.75],
			"to": [3.75, 9.25, 14],
			"faces": {
				"up": {"uv": [3.266, 1.516, 3.734, 14.734], "texture": "#texture"},
				"down": {"uv": [3.266, 14.734, 3.734, 1.516], "texture": "#texture"}
			},
			"rotation": {"origin": [16, 8, 8], "axis": "x", "angle": 45},
			"type": "cube"
		},
		{
			"name": "cube",
			"from": [2.75, 8.5, -0.7500000000000004],
			"to": [4.25, 9.5, 0.7499999999999996],
			"faces": {
				"east": {"uv": [14.516, 15.016, 15.984, 15.984], "texture": "#rail_parts"},
				"south": {"uv": [2.766, 0.016, 4.234, 0.984], "texture": "#texture"},
				"west": {"uv": [0.016, 15.016, 1.484, 15.984], "texture": "#rail_parts"},
				"up": {"uv": [2.766, 0.016, 4.234, 1.484], "texture": "#texture"},
				"down": {"uv": [13.234, 14.766, 11.766, 15.984], "texture": "#texture"}
			},
			"rotation": {"origin": [16, 8, 8], "axis": "x", "angle": 45},
			"type": "cube"
		},
		{
			"name": "cube",
			"from": [5.25, 9.25, 11.75],
			"to": [10.75, 9.5, 12],
			"faces": {
				"north": {"uv": [10.734, 10.016, 5.266, 10.234], "texture": "#texture"},
				"east": {"uv": [10.516, 10.016, 10.734, 10.234], "texture": "#texture"},
				"south": {"uv": [5.266, 10.016, 10.734, 10.234], "texture": "#texture"},
				"west": {"uv": [5.266, 10.016, 5.484, 10.234], "texture": "#texture"},
				"up": {"uv": [5.266, 10.016, 10.734, 10.234], "texture": "#texture"}
			},
			"rotation": {"origin": [16, 8, 8], "axis": "x", "angle": 45},
			"type": "cube"
		},
		{
			"name": "cube",
			"from": [5, 9, 11.5],
			"to": [11, 9.25, 12.25],
			"faces": {
				"north": {"uv": [10.984, 9.766, 5.016, 9.984], "texture": "#texture"},
				"east": {
					"uv": [10.766, 9.766, 10.984, 10.484],
					"texture": "#texture",
					"rotation": 90
				},
				"south": {"uv": [5.016, 10.266, 10.984, 10.484], "texture": "#texture"},
				"west": {"uv": [5.016, 9.766, 5.234, 10.484], "texture": "#texture", "rotation": 270},
				"up": {"uv": [5.016, 9.766, 10.984, 10.484], "texture": "#texture"}
			},
			"rotation": {"origin": [16, 8, 8], "axis": "x", "angle": 45},
			"type": "cube"
		},
		{
			"name": "cube",
			"from": [11, 9, 11.75],
			"to": [11.75, 9.25, 12],
			"faces": {
				"north": {"uv": [11.734, 9.766, 11.016, 9.984], "texture": "#texture"},
				"south": {"uv": [11.016, 10.016, 11.734, 10.234], "texture": "#texture"},
				"up": {"uv": [11.016, 9.766, 11.734, 9.984], "texture": "#texture"}
			},
			"rotation": {"origin": [16, 8, 8], "axis": "x", "angle": 45},
			"type": "cube"
		},
		{
			"name": "cube",
			"from": [4.25, 9, 11.75],
			"to": [5, 9.25, 12],
			"faces": {
				"north": {"uv": [4.984, 9.766, 4.266, 9.984], "texture": "#texture"},
				"south": {"uv": [4.266, 10.016, 4.984, 10.234], "texture": "#texture"},
				"up": {"uv": [4.266, 9.766, 4.984, 9.984], "texture": "#texture"}
			},
			"rotation": {"origin": [16, 8, 8], "axis": "x", "angle": 45},
			"type": "cube"
		},
		{
			"name": "cube",
			"from": [5.25, 9.25, 2.7499999999999996],
			"to": [10.75, 9.5, 2.9999999999999996],
			"faces": {
				"north": {"uv": [10.734, 6.016, 5.266, 6.234], "texture": "#texture"},
				"east": {"uv": [10.516, 6.016, 10.734, 6.234], "texture": "#texture"},
				"south": {"uv": [5.266, 6.016, 10.734, 6.234], "texture": "#texture"},
				"west": {"uv": [5.266, 6.016, 5.484, 6.234], "texture": "#texture"},
				"up": {"uv": [5.266, 6.016, 10.734, 6.234], "texture": "#texture"}
			},
			"rotation": {"origin": [16, 8, 8], "axis": "x", "angle": 45},
			"type": "cube"
		},
		{
			"name": "cube",
			"from": [5, 9, 2.4999999999999996],
			"to": [11, 9.25, 3.2499999999999996],
			"faces": {
				"north": {"uv": [10.984, 5.766, 5.016, 5.984], "texture": "#texture"},
				"east": {"uv": [10.766, 5.766, 10.984, 6.484], "texture": "#texture", "rotation": 90},
				"south": {"uv": [5.016, 6.266, 10.984, 6.484], "texture": "#texture"},
				"west": {"uv": [5.016, 5.766, 5.234, 6.484], "texture": "#texture", "rotation": 270},
				"up": {"uv": [5.016, 5.766, 10.984, 6.484], "texture": "#texture"}
			},
			"rotation": {"origin": [16, 8, 8], "axis": "x", "angle": 45},
			"type": "cube"
		},
		{
			"name": "cube",
			"from": [11, 9, 2.7499999999999996],
			"to": [11.75, 9.25, 2.9999999999999996],
			"faces": {
				"north": {"uv": [11.734, 6.016, 11.016, 6.234], "texture": "#texture"},
				"south": {"uv": [11.016, 6.266, 11.734, 6.484], "texture": "#texture"},
				"up": {"uv": [11.016, 6.016, 11.734, 6.234], "texture": "#texture"}
			},
			"rotation": {"origin": [16, 8, 8], "axis": "x", "angle": 45},
			"type": "cube"
		},
		{
			"name": "cube",
			"from": [4.25, 9, 2.7499999999999996],
			"to": [5, 9.25, 2.9999999999999996],
			"faces": {
				"north": {"uv": [4.984, 6.016, 4.266, 6.234], "texture": "#texture"},
				"south": {"uv": [4.266, 6.266, 4.984, 6.484], "texture": "#texture"},
				"up": {"uv": [4.266, 6.016, 4.984, 6.234], "texture": "#texture"}
			},
			"rotation": {"origin": [16, 8, 8], "axis": "x", "angle": 45},
			"type": "cube"
		},
		{
			"name": "cube",
			"from": [1.5, 8, 10.75],
			"to": [14.5, 9, 13],
			"faces": {
				"north": {"uv": [0.016, 9.016, 12.968, 9.968], "texture": "#rail_parts"},
				"east": {"uv": [15.218, 9.016, 13.016, 9.968], "texture": "#rail_parts"},
				"south": {"uv": [12.968, 9.016, 0.016, 9.968], "texture": "#rail_parts"},
				"west": {"uv": [13.016, 9.016, 15.218, 9.968], "texture": "#rail_parts"},
				"up": {"uv": [0.016, 4.516, 12.968, 6.718], "texture": "#rail_parts"},
				"down": {"uv": [0.016, 6.734, 12.984, 4.516], "texture": "#rail_parts"}
			},
			"rotation": {"origin": [8, 8, 8], "axis": "x", "angle": 45},
			"type": "cube"
		},
		{
			"name": "cube",
			"from": [1.5, 8, 6.25],
			"to": [14.5, 9, 8.5],
			"faces": {
				"north": {"uv": [0.016, 9.016, 12.968, 9.968], "texture": "#rail_parts"},
				"east": {"uv": [15.218, 9.016, 13.016, 9.968], "texture": "#rail_parts"},
				"south": {"uv": [12.968, 9.016, 0.016, 9.968], "texture": "#rail_parts"},
				"west": {"uv": [13.016, 9.016, 15.218, 9.968], "texture": "#rail_parts"},
				"up": {"uv": [0.016, 2.266, 12.968, 4.46796875], "texture": "#rail_parts"},
				"down": {"uv": [0.016, 4.484, 12.984, 2.266], "texture": "#rail_parts"}
			},
			"rotation": {"origin": [8, 8, 8], "axis": "x", "angle": 45},
			"type": "cube"
		},
		{
			"name": "cube",
			"from": [1.5, 8, 1.7499999999999996],
			"to": [14.5, 9, 3.9999999999999996],
			"faces": {
				"north": {"uv": [0.016, 9.016, 12.968, 9.968], "texture": "#rail_parts"},
				"east": {"uv": [15.218, 9.016, 13.016, 9.968], "texture": "#rail_parts"},
				"south": {"uv": [12.968, 9.016, 0.016, 9.968], "texture": "#rail_parts"},
				"west": {"uv": [13.016, 9.016, 15.218, 9.968], "texture": "#rail_parts"},
				"up": {"uv": [0.016, 0.016, 12.984, 2.234], "texture": "#rail_parts"},
				"down": {"uv": [0.016, 2.234, 12.984, 0.016], "texture": "#rail_parts"}
			},
			"rotation": {"origin": [8, 8, 8], "axis": "x", "angle": 45},
			"type": "cube"
		},
		{
			"name": "cube",
			"from": [11.7496, 8.5, -3.935],
			"to": [13.2504, 9.5, -0.7490000000000001],
			"faces": {
				"north": {"uv": [2.766, 0.016, 4.234, 0.984], "texture": "#texture"},
				"east": {"uv": [15.984, 15.016, 12.8140625, 15.984], "texture": "#rail_parts"},
				"west": {"uv": [12.8140625, 15.016, 15.984, 15.984], "texture": "#rail_parts"},
				"up": {"uv": [11.766, 12.8140625, 13.234, 15.984], "texture": "#rail"},
				"down": {"uv": [11.766, 15.984, 13.234, 12.8140625], "texture": "#rail"}
			},
			"rotation": {"origin": [8, 8, 8], "axis": "x", "angle": 45},
			"type": "cube"
		},
		{
			"name": "cube",
			"from": [2.7496, 8.5, -3.935],
			"to": [4.2504, 9.5, -0.7490000000000001],
			"faces": {
				"north": {"uv": [11.766, 0.016, 13.234, 0.984], "texture": "#texture"},
				"east": {"uv": [15.984, 15.016, 12.8140625, 15.984], "texture": "#rail_parts"},
				"west": {"uv": [12.8140625, 15.016, 15.984, 15.984], "texture": "#rail_parts"},
				"up": {"uv": [2.766, 12.8140625, 4.234, 15.984], "texture": "#rail"},
				"down": {"uv": [2.766, 15.984, 4.234, 12.8140625], "texture": "#rail"}
			},
			"rotation": {"origin": [8, 8, 8], "axis": "x", "angle": 45},
			"type": "cube"
		},
		{
			"name": "cube",
			"from": [11.7496, 8.501, 15.25],
			"to": [13.2504, 9.501, 18.6934],
			"faces": {
				"east": {"uv": [3.443125, 15.016, 0.016, 15.984], "texture": "#rail_parts"},
				"south": {"uv": [11.766, 0.016, 13.234, 0.984], "texture": "#texture"},
				"west": {"uv": [0.016, 15.016, 3.443125, 15.984], "texture": "#rail_parts"},
				"up": {"uv": [11.766, 0.016, 13.234, 3.443125], "texture": "#rail"},
				"down": {"uv": [11.766, 3.443125, 13.234, 0.016], "texture": "#rail"}
			},
			"rotation": {"origin": [8, 8, 8], "axis": "x", "angle": 45},
			"type": "cube"
		},
		{
			"name": "cube",
			"from": [2.7496, 8.501, 15.25],
			"to": [4.2504, 9.501, 18.6934],
			"faces": {
				"east": {"uv": [3.443125, 15.016, 0.016, 15.984], "texture": "#rail_parts"},
				"south": {"uv": [2.766, 0.016, 4.234, 0.984], "texture": "#texture"},
				"west": {"uv": [0.016, 15.016, 3.443125, 15.984], "texture": "#rail_parts"},
				"up": {"uv": [2.766, 0.016, 4.234, 3.443125], "texture": "#rail"},
				"down": {"uv": [2.766, 3.443125, 4.234, 0.016], "texture": "#rail"}
			},
			"rotation": {"origin": [8, 8, 8], "axis": "x", "angle": 45},
			"type": "cube"
		},
		{
			"name": "cube",
			"from": [2.7504, 16.75, 0.002],
			"to": [4.2496, 17.5, 0.6213],
			"faces": {
				"north": {"uv": [11.766, 0.016, 13.234, 0.734], "texture": "#texture"},
				"east": {"uv": [15.3809375, 15.016, 15.984, 15.734], "texture": "#rail_parts"},
				"west": {"uv": [15.984, 15.016, 15.3809375, 15.734], "texture": "#rail_parts"},
				"up": {"uv": [2.766, 0.016, 4.234, 0.62], "texture": "#texture"},
				"down": {"uv": [2.766, 0.016, 4.234, 0.62], "texture": "#texture"}
			},
			"type": "cube"
		},
		{
			"name": "cube",
			"from": [11.7504, 16.75, 0.002],
			"to": [13.2496, 17.5, 0.6213],
			"faces": {
				"north": {"uv": [2.766, 0.016, 4.234, 0.734], "texture": "#texture"},
				"east": {"uv": [0.016, 15.016, 0.62, 15.734], "texture": "#rail_parts"},
				"west": {"uv": [0.016, 15.016, 0.62, 15.734], "texture": "#rail_parts"},
				"up": {"uv": [11.766, 0.016, 13.234, 0.62], "texture": "#texture"},
				"down": {"uv": [4.234, 15.266, 2.766, 15.87], "texture": "#texture"}
			},
			"type": "cube"
		}
	]
}
