{
	"__comment": "Designed by HanFox with BDcraft Cubik Pro - http://bdcraft.net",
	"ambientocclusion": false,
	"textures": {
		"top": "forestry:blocks/fences/bdc_fence_crossbar_top2",
		"side": "forestry:blocks/fences/bdc_fence_crossbar_side2"
	},
	"elements": [
		{
			"__comment": "top bar",
			"from": [ 7, 12, 0 ],
			"to": [ 9, 15, 8 ],
			"faces": {
				"down": { "uv": [ 3, 0, 8, 2 ], "texture": "#top", "rotation": 270 },
				"up":   { "uv": [ 8, 0, 0, 2 ], "texture": "#top", "rotation": 270 },
				"west": { "uv": [ 8, 9, 0, 12 ], "texture": "#side" },
				"east": { "uv": [ 0, 9, 8, 12 ], "texture": "#side" }
			}
		},
		{
			"__comment": "lower bar",
			"from": [ 7, 6, 0 ],
			"to": [ 9, 9, 8 ],
			"faces": {
				"down": { "uv": [ 3, 0, 8, 2 ], "texture": "#top", "rotation": 270 },
				"up":   { "uv": [ 8, 0, 0, 2 ], "texture": "#top", "rotation": 270 },
				"west": { "uv": [ 8, 9, 0, 12 ], "texture": "#side" },
				"east": { "uv": [ 0, 9, 8, 12 ], "texture": "#side" }
			}
		}
	]
}
