{
	"__comment": "Designed by HanFox with Cubik - http://bdcraft.net",
	"ambientocclusion": false,
	"textures": {
		"particle": "forestry:blocks/wood/planks.willow",
		"side": "forestry:blocks/fences/bdc_fence_post_side4",
		"top": "forestry:blocks/fences/bdc_fence_post_top2"
	},
	"elements": [
		{
			"__comment": "Centre Post Bottom",
			"from": [ 6, 0, 6 ],
			"to": [ 10, 8, 10 ],
			"faces": {
				"down": { "uv": [ 8, 8, 12, 12 ], "texture": "#top", "cullface": "down" },
				"north": { "uv": [ 8, 0, 12, 8 ], "texture": "#side" },
				"south": { "uv": [ 8, 0, 12, 8 ], "texture": "#side" },
				"west": { "uv": [ 8, 0, 12, 8 ], "texture": "#side" },
				"east": { "uv": [ 8, 0, 12, 8 ], "texture": "#side" }
			}
		},
		{
			"__comment": "Centre Post Top",
			"from": [ 6, 8, 6 ],
			"to": [ 10, 16, 10 ],
			"faces": {
				"up": { "uv": [ 8, 8, 12, 12 ], "texture": "#top", "cullface": "up" },
				"north": { "uv": [ 8, 0, 12, 8 ], "texture": "#side" },
				"south": { "uv": [ 8, 0, 12, 8 ], "texture": "#side" },
				"west": { "uv": [ 8, 0, 12, 8 ], "texture": "#side" },
				"east": { "uv": [ 8, 0, 12, 8 ], "texture": "#side" }
			}
		}
	]
}
