{
	"__comment": "Designed by HanFox with Cubik - http://bdcraft.net",
	"parent": "block/block",
	"textures": {
		"particle": "forestry:blocks/wood/planks.balsa",
		"post": "forestry:blocks/fences/bdc_fence_post_side1",
		"top": "forestry:blocks/fences/bdc_fence_post_top1",
		"crossbartop": "forestry:blocks/fences/bdc_fence_crossbar_top1",
		"crossbarside": "forestry:blocks/fences/bdc_fence_crossbar_side1"
	},
	"elements": [
		{
			"__comment": "Inner vertical post of left-hand gate door",
			"from": [ 1, 6, 0 ],
			"to": [ 3, 15, 2 ],
			"faces": {
				"down": { "uv": [ 4, 0, 8, 4 ], "texture": "#top", "rotation": 270 },
				"up": { "uv": [ 4, 4, 8, 0 ], "texture": "#top", "rotation": 90 },
				"north": { "uv": [ 4, 0, 8, 8 ], "texture": "#post" },
				"south": { "uv": [ 4, 0, 8, 8 ], "texture": "#post" },
				"west": { "uv": [ 4, 0, 8, 8 ], "texture": "#post" },
				"east": { "uv": [ 4, 0, 8, 8 ], "texture": "#post" }
			}
		},
		{
			"__comment": "Inner vertical post of right-hand gate door",
			"from": [ 1, 6, 14 ],
			"to": [ 3, 15, 16 ],
			"faces": {
				"down": { "uv": [ 4, 0, 8, 4 ], "texture": "#top", "rotation": 270 },
				"up": { "uv": [ 4, 4, 8, 0 ], "texture": "#top", "rotation": 90 },
				"north": { "uv": [ 4, 0, 8, 8 ], "texture": "#post" },
				"south": { "uv": [ 4, 0, 8, 8 ], "texture": "#post" },
				"west": { "uv": [ 4, 0, 8, 8 ], "texture": "#post" },
				"east": { "uv": [ 4, 0, 8, 8 ], "texture": "#post" }
			}
		},
		{
			"__comment": "Upper horizontal bar of left-hand gate door",
			"from": [ 3, 12, 0 ],
			"to": [ 5, 15, 2 ],
			"faces": {
				"down": { "uv": [ 14, 0, 16, 2 ], "texture": "#crossbartop", "rotation": 180 },
				"up": { "uv": [ 13.5, 0, 11, 2 ], "texture": "#crossbartop" },
				"north": { "uv": [ 13, 0, 10.5, 3 ], "texture": "#crossbarside" },
				"south": { "uv": [ 10.5, 0, 13, 3 ], "texture": "#crossbarside" }
			}
		},
		{
			"__comment": "Upper horizontal bar of left-hand gate door2",
			"from": [ 5, 12, 0 ],
			"to": [ 7, 15, 2 ],
			"faces": {
				"down": { "uv": [ 14, 0, 16, 2 ], "texture": "#crossbartop", "rotation": 180 },
				"up": { "uv": [ 11, 0, 13.5, 2 ], "texture": "#crossbartop" },
				"north": { "uv": [ 10.5, 0, 13, 3 ], "texture": "#crossbarside" },
				"south": { "uv": [ 13, 0, 10.5, 3 ], "texture": "#crossbarside" }
			}
		},
		{
			"__comment": "Lower horizontal bar of left-hand gate door",
			"from": [ 3, 6, 0 ],
			"to": [ 5, 9, 2 ],
			"faces": {
				"down": { "uv": [ 14, 0, 16, 2 ], "texture": "#crossbartop", "rotation": 180 },
				"up": { "uv": [ 13.5, 0, 11, 2 ], "texture": "#crossbartop" },
				"north": { "uv": [ 13, 0, 10.5, 3 ], "texture": "#crossbarside" },
				"south": { "uv": [ 10.5, 0, 13, 3 ], "texture": "#crossbarside" }
			}
		},
		{
			"__comment": "Lower horizontal bar of left-hand gate door2",
			"from": [ 5, 6, 0 ],
			"to": [ 7, 9, 2 ],
			"faces": {
				"down": { "uv": [ 14, 0, 16, 2 ], "texture": "#crossbartop", "rotation": 180 },
				"up": { "uv": [ 11, 0, 13.5, 2 ], "texture": "#crossbartop" },
				"north": { "uv": [ 10.5, 0, 13, 3 ], "texture": "#crossbarside" },
				"south": { "uv": [ 13, 0, 10.5, 3 ], "texture": "#crossbarside" }
			}
		},
		{
			"__comment": "Lower horizontal bar of right-hand gate door",
			"from": [ 5, 6, 14 ],
			"to": [ 7, 9, 16 ],
			"faces": {
				"down": { "uv": [ 14, 0, 16, 2 ], "texture": "#crossbartop", "rotation": 180 },
				"up": { "uv": [ 11, 0, 13.5, 2 ], "texture": "#crossbartop" },
				"north": { "uv": [ 10.5, 0, 13, 3 ], "texture": "#crossbarside" },
				"south": { "uv": [ 13, 0, 10.5, 3 ], "texture": "#crossbarside" }
			}
		},
		{
			"__comment": "Upper horizontal bar of right-hand gate door2",
			"from": [ 3, 12, 14 ],
			"to": [ 5, 15, 16 ],
			"faces": {
				"down": { "uv": [ 14, 0, 16, 2 ], "texture": "#crossbartop", "rotation": 180 },
				"up": { "uv": [ 13.5, 0, 11, 2 ], "texture": "#crossbartop" },
				"north": { "uv": [ 13, 0, 10.5, 3 ], "texture": "#crossbarside" },
				"south": { "uv": [ 10.5, 0, 13, 3 ], "texture": "#crossbarside" }
			}
		},
		{
			"__comment": "Upper horizontal bar of right-hand gate door",
			"from": [ 5, 12, 14 ],
			"to": [ 7, 15, 16 ],
			"faces": {
				"down": { "uv": [ 14, 0, 16, 2 ], "texture": "#crossbartop", "rotation": 180 },
				"up": { "uv": [ 11, 0, 13.5, 2 ], "texture": "#crossbartop" },
				"north": { "uv": [ 10.5, 0, 13, 3 ], "texture": "#crossbarside" },
				"south": { "uv": [ 13, 0, 10.5, 3 ], "texture": "#crossbarside" }
			}
		},
		{
			"__comment": "Lower horizontal bar of right-hand gate door2",
			"from": [ 3, 6, 14 ],
			"to": [ 5, 9, 16 ],
			"faces": {
				"down": { "uv": [ 14, 0, 16, 2 ], "texture": "#crossbartop", "rotation": 180 },
				"up": { "uv": [ 13.5, 0, 10.5, 2 ], "texture": "#crossbartop" },
				"north": { "uv": [ 13, 0, 10.5, 3 ], "texture": "#crossbarside" },
				"south": { "uv": [ 10.5, 0, 13, 3 ], "texture": "#crossbarside" }
			}
		}
	]
}
