{
  "forge_marker": 1,
  "defaults": {
    "model": "railcraft:outfitted/kit/gold_rail",
    "textures": {"rail": "railcraft:blocks/tracks/outfitted/kit/delayed_0"}
  },
  "variants": {
    "state": {
      "0": {
        "textures": {"rail": "railcraft:blocks/tracks/outfitted/kit/delayed_0"}
      },
      "1": {
        "textures": {"rail": "railcraft:blocks/tracks/outfitted/kit/delayed_1"}
      },
      "2": {
        "textures": {"rail": "railcraft:blocks/tracks/outfitted/kit/delayed_2"}
      }
    },
    "shape": {
      "north_south": {
        "model": "railcraft:outfitted/kit/gold_rail"
      },
      "east_west": {
        "model": "railcraft:outfitted/kit/gold_rail", "y": 90
      },
      "ascending_east": {
        "model": "railcraft:outfitted/kit/gold_rail_raised_ne", "y": 90
      },
      "ascending_west": {
        "model": "railcraft:outfitted/kit/gold_rail_raised_sw", "y": 90
      },
      "ascending_north": {
        "model": "railcraft:outfitted/kit/gold_rail_raised_ne"
      },
      "ascending_south": {
        "model": "railcraft:outfitted/kit/gold_rail_raised_sw"
      }
    }
  }
}
