{
  "forge_marker": 1,
  "defaults": {
    "model": "railcraft:outfitted/kit/common",
    "textures": {"rail": "railcraft:blocks/tracks/outfitted/kit/one_way_0"}
  },
  "variants": {
    "state": {
      "0": {
        "textures": {"rail": "railcraft:blocks/tracks/outfitted/kit/one_way_0"}
      },
      "1": {
        "textures": {"rail": "railcraft:blocks/tracks/outfitted/kit/one_way_1"}
      },
      "2": {
        "textures": {"rail": "railcraft:blocks/tracks/outfitted/kit/one_way_2"}
      },
      "3": {
        "textures": {"rail": "railcraft:blocks/tracks/outfitted/kit/one_way_3"}
      }
    },
    "shape": {
      "north_south": {
        "model": "railcraft:outfitted/kit/common"
      },
      "east_west": {
        "model": "railcraft:outfitted/kit/common", "y": 90
      },
      "ascending_east": {
        "model": "railcraft:outfitted/kit/common_raised_ne", "y": 90
      },
      "ascending_west": {
        "model": "railcraft:outfitted/kit/common_raised_sw", "y": 90
      },
      "ascending_north": {
        "model": "railcraft:outfitted/kit/common_raised_ne"
      },
      "ascending_south": {
        "model": "railcraft:outfitted/kit/common_raised_sw"
      }
    }
  }
}
