{
  "forge_marker": 1,
  "defaults": {
    "model": "railcraft:outfitted/kit/throttle",
    "textures": {
      "layer0": "railcraft:blocks/tracks/outfitted/kit/throttle_0",
      "layer1": "railcraft:blocks/tracks/outfitted/kit/throttle_overlay_inactive"
    }
  },
  "variants": {
    "state": {
      "0": {
        "textures": {
          "layer0": "railcraft:blocks/tracks/outfitted/kit/throttle_0"
        }
      },
      "1": {
        "textures": {
          "layer0": "railcraft:blocks/tracks/outfitted/kit/throttle_1"
        }
      },
      "2": {
        "textures": {
          "layer0": "railcraft:blocks/tracks/outfitted/kit/throttle_2"
        }
      },
      "3": {
        "textures": {
          "layer0": "railcraft:blocks/tracks/outfitted/kit/throttle_3"
        }
      },
      "4": {
        "textures": {
          "layer0": "railcraft:blocks/tracks/outfitted/kit/throttle_4"
        }
      },
      "5": {
        "textures": {
          "layer0": "railcraft:blocks/tracks/outfitted/kit/throttle_5"
        }
      },
      "6": {
        "textures": {
          "layer0": "railcraft:blocks/tracks/outfitted/kit/throttle_6"
        }
      },
      "7": {
        "textures": {
          "layer0": "railcraft:blocks/tracks/outfitted/kit/throttle_7"
        }
      },
      "8": {
        "textures": {
          "layer0": "railcraft:blocks/tracks/outfitted/kit/throttle_0",
          "layer1": "railcraft:blocks/tracks/outfitted/kit/throttle_overlay_active"

        }
      },
      "9": {
        "textures": {
          "layer0": "railcraft:blocks/tracks/outfitted/kit/throttle_1",
          "layer1": "railcraft:blocks/tracks/outfitted/kit/throttle_overlay_active"
        }
      },
      "10": {
        "textures": {
          "layer0": "railcraft:blocks/tracks/outfitted/kit/throttle_2",
          "layer1": "railcraft:blocks/tracks/outfitted/kit/throttle_overlay_active"
        }
      },
      "11": {
        "textures": {
          "layer0": "railcraft:blocks/tracks/outfitted/kit/throttle_3",
          "layer1": "railcraft:blocks/tracks/outfitted/kit/throttle_overlay_active"
        }
      },
      "12": {
        "textures": {
          "layer0": "railcraft:blocks/tracks/outfitted/kit/throttle_4",
          "layer1": "railcraft:blocks/tracks/outfitted/kit/throttle_overlay_active"
        }
      },
      "13": {
        "textures": {
          "layer0": "railcraft:blocks/tracks/outfitted/kit/throttle_5",
          "layer1": "railcraft:blocks/tracks/outfitted/kit/throttle_overlay_active"
        }
      },
      "14": {
        "textures": {
          "layer0": "railcraft:blocks/tracks/outfitted/kit/throttle_6",
          "layer1": "railcraft:blocks/tracks/outfitted/kit/throttle_overlay_active"
        }
      },
      "15": {
        "textures": {
          "layer0": "railcraft:blocks/tracks/outfitted/kit/throttle_7",
          "layer1": "railcraft:blocks/tracks/outfitted/kit/throttle_overlay_active"
        }
      }
    },
    "shape": {
      "north_south": {
        "model": "railcraft:outfitted/kit/throttle"
      },
      "east_west": {
        "model": "railcraft:outfitted/kit/throttle", "y": 90
      },
      "ascending_east": {
        "model": "railcraft:outfitted/kit/throttle_raised_ne", "y": 90
      },
      "ascending_west": {
        "model": "railcraft:outfitted/kit/throttle_raised_sw", "y": 90
      },
      "ascending_north": {
        "model": "railcraft:outfitted/kit/throttle_raised_ne"
      },
      "ascending_south": {
        "model": "railcraft:outfitted/kit/throttle_raised_sw"
      }
    }
  }
}
