{
	"credit": "Made by bballboy2002 with Blockbench, a free, modern block model editor by JannisX11",
	"textures": {
		"particle": "#rail"
	},
	"elements": [
		{
			"name": "Plate 1",
			"from": [5.9, 0.30000000000000004, 5.900000000000001],
			"to": [10.100000000000001, 1.3, 10.100000000000001],
			"shade": true,
			"faces": {
				"north": {
					"uv": [6, 6, 10, 7],
					"texture": "#rail",
					"rotation": 180
				},
				"east": {
					"uv": [9, 6, 10, 10],
					"texture": "#rail",
					"rotation": 90
				},
				"south": {"uv": [6, 9, 10, 10], "texture": "#rail"},
				"west": {
					"uv": [6, 6, 7, 10],
					"texture": "#rail",
					"rotation": 270
				},
				"up": {"uv": [6, 6, 10, 10], "texture": "#rail"},
				"down": {"uv": [6, 6, 10, 10], "texture": "#rail"}
			}
		},
		{
			"name": "RS 1",
			"from": [4.9, -0.05, 4.900000000000001],
			"to": [11.100000000000001, 1.05, 11.100000000000001],
			"shade": true,
			"faces": {
				"north": {"uv": [5, 5, 11, 6], "texture": "#rail"},
				"east": {
					"uv": [10, 5, 11, 11],
					"texture": "#rail",
					"rotation": 90
				},
				"south": {"uv": [5, 10, 11, 11], "texture": "#rail"},
				"west": {
					"uv": [5, 5, 6, 11],
					"texture": "#rail",
					"rotation": 270
				},
				"up": {"uv": [5, 5, 11, 11], "texture": "#rail"},
				"down": {
					"uv": [5, 5, 11, 11],
					"texture": "#rail",
					"rotation": 180
				}
			}
		},
		{
			"name": "Plate 2",
			"from": [6.9, 0.30000000000000004, 4.9],
			"to": [9.100000000000001, 1.3, 5.9],
			"shade": true,
			"faces": {
				"north": {
					"uv": [7, 5, 9, 6],
					"texture": "#rail",
					"rotation": 180
				},
				"east": {
					"uv": [8, 5, 9, 6],
					"texture": "#rail",
					"rotation": 90
				},
				"south": {"uv": [6, 9, 10, 10], "texture": "#rail"},
				"west": {
					"uv": [7, 5, 8, 6],
					"texture": "#rail",
					"rotation": 270
				},
				"up": {"uv": [7, 5, 9, 6], "texture": "#rail"},
				"down": {"uv": [6, 6, 10, 10], "texture": "#rail"}
			}
		},
		{
			"name": "RS 2",
			"from": [5.9, -0.05, 3.9000000000000004],
			"to": [10.100000000000001, 1.05, 4.9],
			"shade": true,
			"faces": {
				"north": {
					"uv": [6, 4, 10, 5],
					"texture": "#rail",
					"rotation": 180
				},
				"east": {
					"uv": [9, 4, 10, 5],
					"texture": "#rail",
					"rotation": 90
				},
				"south": {"uv": [5, 10, 11, 11], "texture": "#rail"},
				"west": {
					"uv": [6, 4, 7, 5],
					"texture": "#rail",
					"rotation": 270
				},
				"up": {"uv": [6, 4, 10, 5], "texture": "#rail"},
				"down": {
					"uv": [6, 4, 10, 5],
					"texture": "#rail",
					"rotation": 180
				}
			}
		},
		{
			"name": "RS 3",
			"from": [6.9, -0.05, 2.9],
			"to": [9.100000000000001, 1.05, 3.9],
			"shade": true,
			"faces": {
				"north": {
					"uv": [7, 3, 9, 4],
					"texture": "#rail",
					"rotation": 180
				},
				"east": {
					"uv": [7, 3, 8, 4],
					"texture": "#rail",
					"rotation": 90
				},
				"south": {"uv": [5, 10, 11, 11], "texture": "#rail"},
				"west": {
					"uv": [8, 3, 9, 4],
					"texture": "#rail",
					"rotation": 270
				},
				"up": {"uv": [7, 3, 9, 4], "texture": "#rail"},
				"down": {
					"uv": [7, 3, 9, 4],
					"texture": "#rail",
					"rotation": 180
				}
			}
		}
	],
	"display": {
		"thirdperson_righthand": {
			"rotation": [0, 0, 0],
			"translation": [-0.5, 0, 0],
			"scale": [1, 0, 0]
		},
		"thirdperson_lefthand": {},
		"firstperson_righthand": {},
		"firstperson_lefthand": {},
		"head": {},
		"ground": {},
		"fixed": {},
		"gui": {}
	}
}
