{
	"credit": "Made by bbalboy2002 with Blockbench, a free, modern block model editor by JannisX11",
	"textures": {
		"particle": "#rail"
	},
	"elements": [
		{
			"name": "RS 1",
			"from": [5, 7.82, -1.8900000000000006],
			"to": [11, 8.92, 6.809999999999999],
			"shade": false,
			"faces": {
				"north": {
					"uv": [5, 5, 11, 6],
					"texture": "#rail",
					"rotation": 180
				},
				"east": {
					"uv": [10, 5, 11, 11],
					"texture": "#rail",
					"rotation": 90
				},
				"south": {"uv": [5, 10, 11, 11], "texture": "#rail"},
				"west": {
					"uv": [5, 5, 6, 11],
					"texture": "#rail",
					"rotation": 270
				},
				"up": {"uv": [5, 5, 11, 11], "texture": "#rail"},
				"down": {
					"uv": [5, 5, 11, 11],
					"texture": "#rail",
					"rotation": 180
				}
			},
			"rotation": {
				"origin": [12, 15.82, 5.109999999999999],
				"axis": "x",
				"angle": -45
			}
		},
		{
			"name": "Plate 1",
			"from": [6, 9.2, -1.4000000000000004],
			"to": [10, 9.899999999999999, 4.5],
			"shade": false,
			"faces": {
				"north": {
					"uv": [6, 6, 10, 7],
					"texture": "#rail",
					"rotation": 180
				},
				"east": {
					"uv": [9, 6, 10, 10],
					"texture": "#rail",
					"rotation": 90
				},
				"south": {"uv": [6, 9, 10, 10], "texture": "#rail"},
				"west": {
					"uv": [6, 6, 7, 10],
					"texture": "#rail",
					"rotation": 270
				},
				"up": {"uv": [6, 6, 10, 10], "texture": "#rail"},
				"down": {
					"uv": [5, 7, 9, 12.6],
					"texture": "#rail",
					"rotation": 180
				}
			},
			"rotation": {
				"origin": [13, 17.2, 5.6],
				"axis": "x",
				"angle": -45
			}
		},
		{
			"name": "Plate 2",
			"from": [7, 8.26, -2.34],
			"to": [9, 8.959999999999999, -1.0199999999999998],
			"shade": false,
			"faces": {
				"north": {
					"uv": [7, 5, 9, 6],
					"texture": "#rail",
					"rotation": 180
				},
				"east": {
					"uv": [8, 5, 9, 6],
					"texture": "#rail",
					"rotation": 90
				},
				"south": {"uv": [6, 9, 10, 10], "texture": "#rail"},
				"west": {
					"uv": [7, 5, 8, 6],
					"texture": "#rail",
					"rotation": 270
				},
				"up": {"uv": [7, 5, 9, 6], "texture": "#rail"},
				"down": {
					"uv": [5, 7, 9, 12.6],
					"texture": "#rail",
					"rotation": 180
				}
			},
			"rotation": {
				"origin": [14, 16.259999999999998, 4.66],
				"axis": "x",
				"angle": -45
			}
		},
		{
			"name": "RS 2",
			"from": [6, 6.82, -2.8900000000000006],
			"to": [10, 7.92, -1.4900000000000007],
			"shade": false,
			"faces": {
				"north": {
					"uv": [6, 4, 10, 5],
					"texture": "#rail",
					"rotation": 180
				},
				"east": {
					"uv": [9, 4, 10, 5],
					"texture": "#rail",
					"rotation": 90
				},
				"south": {"uv": [5, 10, 11, 11], "texture": "#rail"},
				"west": {
					"uv": [6, 4, 7, 5],
					"texture": "#rail",
					"rotation": 270
				},
				"up": {"uv": [6, 4, 10, 5], "texture": "#rail"},
				"down": {
					"uv": [6, 4, 10, 5],
					"texture": "#rail",
					"rotation": 180
				}
			},
			"rotation": {
				"origin": [13, 14.82, 4.109999999999999],
				"axis": "x",
				"angle": -45
			}
		},
		{
			"name": "RS 3",
			"from": [7, 5.82, -3.8900000000000006],
			"to": [9, 6.92, -2.4900000000000007],
			"shade": false,
			"faces": {
				"north": {
					"uv": [7, 3, 9, 4],
					"texture": "#rail",
					"rotation": 180
				},
				"east": {
					"uv": [8, 3, 9, 4],
					"texture": "#rail",
					"rotation": 90
				},
				"south": {"uv": [5, 10, 11, 11], "texture": "#rail"},
				"west": {
					"uv": [7, 3, 8, 4],
					"texture": "#rail",
					"rotation": 270
				},
				"up": {"uv": [7, 3, 9, 4], "texture": "#rail"},
				"down": {
					"uv": [6, 4, 10, 5],
					"texture": "#rail",
					"rotation": 180
				}
			},
			"rotation": {
				"origin": [14, 13.82, 3.1099999999999994],
				"axis": "x",
				"angle": -45
			}
		}
	],
	"display": {
		"thirdperson_righthand": {
			"rotation": [0, 0, 0],
			"translation": [-0.5, 0, 0],
			"scale": [1, 0, 0]
		},
		"thirdperson_lefthand": {},
		"firstperson_righthand": {},
		"firstperson_lefthand": {},
		"head": {},
		"ground": {},
		"fixed": {},
		"gui": {}
	}
}
