{
	"credit": "Made by bballboy2002 with Blockbench, a free, modern block model editor by JannisX11",
	"textures": {
		"particle": "#rail"
	},
	"elements": [
		{
			"name": "RS 1",
			"from": [4.900000000000001, 4.5, 7.500000000000002],
			"to": [11.100000000000001, 5.6, 16.400000000000002],
			"shade": true,
			"faces": {
				"north": {
					"uv": [5, 5, 11, 6],
					"texture": "#rail",
					"rotation": 180
				},
				"east": {
					"uv": [10, 5, 11, 11],
					"texture": "#rail",
					"rotation": 90
				},
				"south": {"uv": [5, 10, 11, 11], "texture": "#rail"},
				"west": {
					"uv": [5, 5, 6, 11],
					"texture": "#rail",
					"rotation": 270
				},
				"up": {"uv": [5, 5, 11, 11], "texture": "#rail"},
				"down": {
					"uv": [5, 5, 11, 11],
					"texture": "#rail",
					"rotation": 180
				}
			},
			"rotation": {
				"origin": [3.9000000000000004, 12.5, 14.5],
				"axis": "x",
				"angle": 45
			}
		},
		{
			"name": "Plate 1",
			"from": [5.93, 3.7, 8.8],
			"to": [10.07, 5.2, 14.73],
			"shade": true,
			"faces": {
				"north": {
					"uv": [6, 6, 10, 7],
					"texture": "#rail",
					"rotation": 180
				},
				"east": {
					"uv": [9, 6, 10, 10],
					"texture": "#rail",
					"rotation": 90
				},
				"south": {"uv": [6, 9, 10, 10], "texture": "#rail"},
				"west": {
					"uv": [6, 6, 7, 10],
					"texture": "#rail",
					"rotation": 270
				},
				"up": {"uv": [6, 6, 10, 10], "texture": "#rail"},
				"down": {
					"uv": [6, 6, 10, 11.7],
					"texture": "#rail",
					"rotation": 180
				}
			},
			"rotation": {
				"origin": [4.93, 11.7, 15.799999999999997],
				"axis": "x",
				"angle": 45
			}
		},
		{
			"name": "Plate 2",
			"from": [6.95, -0.49, 13],
			"to": [9.05, 1.01, 14.5],
			"shade": true,
			"faces": {
				"north": {
					"uv": [7, 5, 9, 6],
					"texture": "#rail",
					"rotation": 180
				},
				"east": {
					"uv": [8, 10, 9, 11],
					"texture": "#rail",
					"rotation": 90
				},
				"south": {"uv": [7, 10, 9, 11], "texture": "#rail"},
				"west": {
					"uv": [7, 10, 8, 11],
					"texture": "#rail",
					"rotation": 270
				},
				"up": {"uv": [7, 10, 9, 11], "texture": "#rail"},
				"down": {
					"uv": [0, 7, 4, 12.7],
					"texture": "#rail",
					"rotation": 180
				}
			},
			"rotation": {
				"origin": [
					5.949999999999999,
					7.509999999999998,
					20.000000000000007
				],
				"axis": "x",
				"angle": 45
			}
		},
		{
			"name": "RS 2",
			"from": [5.9, -1.79, 13.8],
			"to": [10.100000000000001, -0.69, 15.21],
			"shade": true,
			"faces": {
				"north": {
					"uv": [6, 4, 10, 5],
					"texture": "#rail",
					"rotation": 180
				},
				"east": {
					"uv": [9, 11, 10, 12],
					"texture": "#rail",
					"rotation": 90
				},
				"south": {"uv": [6, 11, 10, 12], "texture": "#rail"},
				"west": {
					"uv": [6, 11, 7, 12],
					"texture": "#rail",
					"rotation": 270
				},
				"up": {"uv": [6, 11, 10, 12], "texture": "#rail"},
				"down": {
					"uv": [6, 11, 10, 12],
					"texture": "#rail",
					"rotation": 180
				}
			},
			"rotation": {
				"origin": [4.9, 6.21, 20.8],
				"axis": "x",
				"angle": 45
			}
		},
		{
			"name": "RS 3",
			"from": [6.900000000000001, -2.75, 14.769999999999998],
			"to": [9.100000000000001, -1.65, 16.169999999999998],
			"shade": true,
			"faces": {
				"north": {
					"uv": [7, 3, 9, 4],
					"texture": "#rail",
					"rotation": 180
				},
				"east": {
					"uv": [8, 12, 9, 13],
					"texture": "#rail",
					"rotation": 90
				},
				"south": {"uv": [7, 12, 9, 13], "texture": "#rail"},
				"west": {
					"uv": [7, 12, 8, 13],
					"texture": "#rail",
					"rotation": 270
				},
				"up": {"uv": [7, 12, 9, 13], "texture": "#rail"},
				"down": {
					"uv": [7, 12, 9, 13],
					"texture": "#rail",
					"rotation": 180
				}
			},
			"rotation": {
				"origin": [5.9, 5.25, 21.769999999999996],
				"axis": "x",
				"angle": 45
			}
		}
	],
	"display": {
		"thirdperson_righthand": {
			"rotation": [0, 0, 0],
			"translation": [-0.5, 0, 0],
			"scale": [1, 0, 0]
		},
		"thirdperson_lefthand": {},
		"firstperson_righthand": {},
		"firstperson_lefthand": {},
		"head": {},
		"ground": {},
		"fixed": {},
		"gui": {}
	}
}
