{
	"credit": "Made by bballboy2002 with Blockbench, a free, modern block model editor by JannisX11",
	"textures": {
		"particle": "#rail"
	},
	"elements": [
		{
			"name": "RS 1",
			"from": [5, 7.82, -1.8900000000000006],
			"to": [11, 8.92, 6.809999999999999],
			"shade": false,
			"faces": {
				"north": {
					"uv": [5, 5, 11, 6],
					"texture": "#rail",
					"rotation": 180
				},
				"east": {
					"uv": [10, 5, 11, 11],
					"texture": "#rail",
					"rotation": 90
				},
				"south": {"uv": [5, 10, 11, 11], "texture": "#rail"},
				"west": {
					"uv": [5, 5, 6, 11],
					"texture": "#rail",
					"rotation": 270
				},
				"up": {"uv": [5, 5, 11, 11], "texture": "#rail"},
				"down": {
					"uv": [5, 5, 11, 11],
					"texture": "#rail",
					"rotation": 180
				}
			},
			"rotation": {
				"origin": [12, 15.82, 5.109999999999999],
				"axis": "x",
				"angle": -45
			}
		},
		{
			"name": "Plate 1",
			"from": [6, 9.2, -1.4000000000000004],
			"to": [10, 10, 4.5],
			"shade": false,
			"faces": {
				"north": {
					"uv": [6, 6, 10, 7],
					"texture": "#rail",
					"rotation": 180
				},
				"east": {
					"uv": [9, 6, 10, 10],
					"texture": "#rail",
					"rotation": 90
				},
				"south": {"uv": [6, 9, 10, 10], "texture": "#rail"},
				"west": {
					"uv": [6, 6, 7, 10],
					"texture": "#rail",
					"rotation": 270
				},
				"up": {"uv": [6, 6, 10, 10], "texture": "#rail"},
				"down": {
					"uv": [5, 7, 9, 12.6],
					"texture": "#rail",
					"rotation": 180
				}
			},
			"rotation": {
				"origin": [13, 17.2, 5.6],
				"axis": "x",
				"angle": -45
			}
		},
		{
			"name": "Plate 2",
			"from": [7, 13.37, 2.7799999999999994],
			"to": [9, 14.17, 4.249999999999999],
			"shade": false,
			"faces": {
				"north": {
					"uv": [7, 5, 9, 6],
					"texture": "#rail",
					"rotation": 180
				},
				"east": {
					"uv": [8, 10, 9, 11],
					"texture": "#rail",
					"rotation": 90
				},
				"south": {"uv": [7, 10, 9, 11], "texture": "#rail"},
				"west": {
					"uv": [7, 10, 8, 11],
					"texture": "#rail",
					"rotation": 270
				},
				"up": {"uv": [7, 10, 9, 11], "texture": "#rail"},
				"down": {
					"uv": [5, 7, 9, 12.6],
					"texture": "#rail",
					"rotation": 180
				}
			},
			"rotation": {
				"origin": [14, 21.369999999999997, 9.779999999999998],
				"axis": "x",
				"angle": -45
			}
		},
		{
			"name": "RS 2",
			"from": [6, 13.95, 4.25],
			"to": [10, 15.049999999999999, 5.65],
			"shade": false,
			"faces": {
				"north": {
					"uv": [6, 4, 10, 5],
					"texture": "#rail",
					"rotation": 180
				},
				"east": {
					"uv": [9, 11, 10, 12],
					"texture": "#rail",
					"rotation": 90
				},
				"south": {"uv": [6, 11, 10, 12], "texture": "#rail"},
				"west": {
					"uv": [6, 11, 7, 12],
					"texture": "#rail",
					"rotation": 270
				},
				"up": {"uv": [6, 11, 10, 12], "texture": "#rail"},
				"down": {
					"uv": [6, 11, 10, 12],
					"texture": "#rail",
					"rotation": 180
				}
			},
			"rotation": {
				"origin": [13, 21.949999999999996, 11.25],
				"axis": "x",
				"angle": -45
			}
		},
		{
			"name": "RS 3",
			"from": [7, 14.930000000000001, 5.24],
			"to": [9, 16.03, 6.640000000000001],
			"shade": false,
			"faces": {
				"north": {
					"uv": [7, 3, 9, 4],
					"texture": "#rail",
					"rotation": 180
				},
				"east": {
					"uv": [8, 12, 9, 13],
					"texture": "#rail",
					"rotation": 90
				},
				"south": {"uv": [7, 12, 9, 13], "texture": "#rail"},
				"west": {
					"uv": [7, 12, 8, 13],
					"texture": "#rail",
					"rotation": 270
				},
				"up": {"uv": [7, 12, 9, 13], "texture": "#rail"},
				"down": {
					"uv": [7, 12, 9, 13],
					"texture": "#rail",
					"rotation": 180
				}
			},
			"rotation": {
				"origin": [14, 22.930000000000007, 12.24],
				"axis": "x",
				"angle": -45
			}
		}
	],
	"display": {
		"thirdperson_righthand": {
			"rotation": [0, 0, 0],
			"translation": [-0.5, 0, 0],
			"scale": [1, 0, 0]
		},
		"thirdperson_lefthand": {},
		"firstperson_righthand": {},
		"firstperson_lefthand": {},
		"head": {},
		"ground": {},
		"fixed": {},
		"gui": {}
	}
}
