{
	"credit": "Made by bballboy2002 with Blockbench, a free, modern block model editor by JannisX11",
	"textures": {
		"0": "blocks/rail_detector_powered",
		"particle": "blocks/rail_detector_powered"
	},
	"elements": [
		{
			"name": "Outer Left",
			"from": [2, 11.3, 2.1999999999999993],
			"to": [3, 12.3, 26.3],
			"shade": true,
			"faces": {
				"north": {
					"uv": [2, 0, 3, 16],
					"texture": "#0",
					"rotation": 90
				},
				"east": {
					"uv": [2, 0, 3, 16],
					"texture": "#0",
					"rotation": 90
				},
				"south": {
					"uv": [2, 0, 3, 16],
					"texture": "#0",
					"rotation": 90
				},
				"west": {
					"uv": [2, 0, 3, 16],
					"texture": "#0",
					"rotation": 90
				},
				"up": {
					"uv": [2, 0, 3, 16],
					"texture": "#0",
					"rotation": 90
				},
				"down": {
					"uv": [2, 0, 3, 16],
					"texture": "#0",
					"rotation": 90
				}
			},
			"rotation": {
				"origin": [10, 18.3, 8.2],
				"axis": "x",
				"angle": 45
			}
		},
		{
			"name": "Tie 4",
			"from": [1, 7.5, 4],
			"to": [15, 8.5, 7],
			"shade": true,
			"faces": {
				"north": {
					"uv": [1, 1, 15, 2],
					"texture": "#0",
					"rotation": 180
				},
				"east": {
					"uv": [14, 1, 15, 3],
					"texture": "#0",
					"rotation": 90
				},
				"south": {"uv": [1, 2, 15, 3], "texture": "#0"},
				"west": {
					"uv": [1, 1, 2, 3],
					"texture": "#0",
					"rotation": 270
				},
				"up": {"uv": [1, 1, 15, 3], "texture": "#0"},
				"down": {
					"uv": [1, 1, 15, 3],
					"texture": "#0",
					"rotation": 180
				}
			},
			"rotation": {
				"origin": [8, 15.5, 11],
				"axis": "x",
				"angle": 45
			}
		},
		{
			"name": "Tie 2",
			"from": [1, -0.5, 12],
			"to": [15, 0.5, 15],
			"shade": true,
			"faces": {
				"north": {
					"uv": [1, 9, 15, 10],
					"texture": "#0",
					"rotation": 180
				},
				"east": {
					"uv": [14, 9, 15, 11],
					"texture": "#0",
					"rotation": 90
				},
				"south": {"uv": [1, 10, 15, 11], "texture": "#0"},
				"west": {
					"uv": [1, 9, 2, 11],
					"texture": "#0",
					"rotation": 270
				},
				"up": {"uv": [1, 9, 15, 11], "texture": "#0"},
				"down": {
					"uv": [1, 9, 15, 11],
					"texture": "#0",
					"rotation": 180
				}
			},
			"rotation": {
				"origin": [0, 7.5, 19],
				"axis": "x",
				"angle": 45
			}
		},
		{
			"name": "Tie 1",
			"from": [1, -4.5, 16],
			"to": [15, -3.5, 19],
			"shade": true,
			"faces": {
				"north": {
					"uv": [1, 13, 15, 14],
					"texture": "#0",
					"rotation": 180
				},
				"east": {
					"uv": [14, 13, 15, 15],
					"texture": "#0",
					"rotation": 90
				},
				"south": {"uv": [1, 14, 15, 15], "texture": "#0"},
				"west": {
					"uv": [1, 13, 2, 15],
					"texture": "#0",
					"rotation": 270
				},
				"up": {"uv": [1, 13, 15, 15], "texture": "#0"},
				"down": {
					"uv": [1, 13, 15, 15],
					"texture": "#0",
					"rotation": 180
				}
			},
			"rotation": {
				"origin": [-4, 3.5, 23],
				"axis": "x",
				"angle": 45
			}
		},
		{
			"name": "Inner Left",
			"from": [3, 11.3, 2.1999999999999993],
			"to": [4, 13.3, 26.3],
			"shade": true,
			"faces": {
				"north": {
					"uv": [3, 15, 4, 16],
					"texture": "#0",
					"rotation": 90
				},
				"east": {
					"uv": [3, 15, 4, 16],
					"texture": "#0",
					"rotation": 90
				},
				"south": {
					"uv": [3, 15, 4, 16],
					"texture": "#0",
					"rotation": 90
				},
				"west": {
					"uv": [3, 15, 4, 16],
					"texture": "#0",
					"rotation": 90
				},
				"up": {
					"uv": [3, 15, 4, 16],
					"texture": "#0",
					"rotation": 90
				},
				"down": {
					"uv": [3, 15, 4, 16],
					"texture": "#0",
					"rotation": 90
				}
			},
			"rotation": {
				"origin": [11, 18.3, 8.2],
				"axis": "x",
				"angle": 45
			}
		},
		{
			"name": "Outer Right",
			"from": [13, 11.3, 2.1999999999999993],
			"to": [14, 12.3, 26.3],
			"shade": true,
			"faces": {
				"north": {
					"uv": [2, 0, 3, 16],
					"texture": "#0",
					"rotation": 90
				},
				"east": {
					"uv": [2, 0, 3, 16],
					"texture": "#0",
					"rotation": 90
				},
				"south": {
					"uv": [2, 0, 3, 16],
					"texture": "#0",
					"rotation": 90
				},
				"west": {
					"uv": [2, 0, 3, 16],
					"texture": "#0",
					"rotation": 90
				},
				"up": {
					"uv": [2, 0, 3, 16],
					"texture": "#0",
					"rotation": 90
				},
				"down": {
					"uv": [2, 0, 3, 16],
					"texture": "#0",
					"rotation": 90
				}
			},
			"rotation": {
				"origin": [21, 18.3, 8.2],
				"axis": "x",
				"angle": 45
			}
		},
		{
			"name": "Inner Right",
			"from": [12, 11.3, 2.1999999999999993],
			"to": [13, 13.3, 26.3],
			"shade": true,
			"faces": {
				"north": {
					"uv": [3, 15, 4, 16],
					"texture": "#0",
					"rotation": 90
				},
				"east": {
					"uv": [3, 15, 4, 16],
					"texture": "#0",
					"rotation": 90
				},
				"south": {
					"uv": [3, 15, 4, 16],
					"texture": "#0",
					"rotation": 90
				},
				"west": {
					"uv": [3, 15, 4, 16],
					"texture": "#0",
					"rotation": 90
				},
				"up": {
					"uv": [3, 15, 4, 16],
					"texture": "#0",
					"rotation": 90
				},
				"down": {
					"uv": [3, 15, 4, 16],
					"texture": "#0",
					"rotation": 90
				}
			},
			"rotation": {
				"origin": [20, 18.3, 8.2],
				"axis": "x",
				"angle": 45
			}
		},
		{
			"name": "Tie 3",
			"from": [1, 3.5, 8],
			"to": [15, 4.5, 11],
			"shade": true,
			"faces": {
				"north": {
					"uv": [1, 5, 15, 6],
					"texture": "#0",
					"rotation": 180
				},
				"east": {
					"uv": [14, 5, 15, 7],
					"texture": "#0",
					"rotation": 90
				},
				"south": {"uv": [1, 6, 15, 7], "texture": "#0"},
				"west": {
					"uv": [1, 5, 2, 7],
					"texture": "#0",
					"rotation": 270
				},
				"up": {"uv": [1, 5, 15, 7], "texture": "#0"},
				"down": {
					"uv": [1, 5, 15, 7],
					"texture": "#0",
					"rotation": 180
				}
			},
			"rotation": {
				"origin": [0, 11.5, 15],
				"axis": "x",
				"angle": 45
			}
		},
		{
			"name": "RS",
			"from": [5, 1.4, 10.100000000000001],
			"to": [11, 2.4, 12.8],
			"shade": true,
			"faces": {
				"north": {
					"uv": [1, 9, 7, 10],
					"texture": "#0",
					"rotation": 180
				},
				"east": {
					"uv": [10, 7, 11, 9],
					"texture": "#0",
					"rotation": 90
				},
				"south": {"uv": [1, 10, 7, 11], "texture": "#0"},
				"west": {
					"uv": [5, 7, 6, 9],
					"texture": "#0",
					"rotation": 270
				},
				"up": {"uv": [5, 7, 11, 9], "texture": "#0"},
				"down": {
					"uv": [5, 7, 11, 9],
					"texture": "#0",
					"rotation": 180
				}
			},
			"rotation": {
				"origin": [4, 9.4, 17.099999999999998],
				"axis": "x",
				"angle": 45
			}
		},
		{
			"name": "Plate",
			"from": [6, 2.4000000000000004, 9.100000000000001],
			"to": [10, 3.7, 14.8],
			"shade": true,
			"faces": {
				"north": {
					"uv": [6, 6, 10, 7],
					"texture": "#0",
					"rotation": 180
				},
				"east": {
					"uv": [9, 6, 10, 10],
					"texture": "#0",
					"rotation": 90
				},
				"south": {"uv": [6, 9, 10, 10], "texture": "#0"},
				"west": {
					"uv": [6, 6, 7, 10],
					"texture": "#0",
					"rotation": 270
				},
				"up": {"uv": [6, 6, 10, 10], "texture": "#0"},
				"down": {
					"uv": [6, 6, 10, 11.7],
					"texture": "#0",
					"rotation": 180
				}
			},
			"rotation": {
				"origin": [5, 10.4, 16.099999999999998],
				"axis": "x",
				"angle": 45
			}
		}
	],
	"display": {
		"thirdperson_righthand": {
			"rotation": [0, 0, 0],
			"translation": [-0.5, 0, 0],
			"scale": [1, 0, 0]
		},
		"thirdperson_lefthand": {},
		"firstperson_righthand": {},
		"firstperson_lefthand": {},
		"head": {},
		"ground": {},
		"fixed": {},
		"gui": {}
	}
}
