{
	"credit": "Made by bballboy2002 with Blockbench, a free, modern block model editor by JannisX11",
	"textures": {
		"particle": "blocks/rail_golden",
		"0": "blocks/rail_golden"
	},
	"elements": [
		{
			"name": "Outer Left",
			"from": [2, 1, 0],
			"to": [3, 2, 16],
			"shade": true,
			"faces": {
				"north": {
					"uv": [2, 0, 3, 16],
					"texture": "#0",
					"rotation": 90
				},
				"east": {
					"uv": [2, 0, 3, 16],
					"texture": "#0",
					"rotation": 90
				},
				"south": {
					"uv": [2, 0, 3, 16],
					"texture": "#0",
					"rotation": 90
				},
				"west": {
					"uv": [2, 0, 3, 16],
					"texture": "#0",
					"rotation": 90
				},
				"up": {
					"uv": [2, 0, 3, 16],
					"texture": "#0",
					"rotation": 90
				},
				"down": {
					"uv": [2, 0, 3, 16],
					"texture": "#0",
					"rotation": 90
				}
			},
			"rotation": {
				"origin": [10, 8, 6],
				"axis": "y",
				"angle": 0
			}
		},
		{
			"name": "Inner Left",
			"from": [3, 1, 0],
			"to": [4, 3, 16],
			"shade": true,
			"faces": {
				"north": {
					"uv": [3, 0, 4, 16],
					"texture": "#0",
					"rotation": 90
				},
				"east": {
					"uv": [3, 0, 4, 16],
					"texture": "#0",
					"rotation": 90
				},
				"south": {
					"uv": [3, 0, 4, 16],
					"texture": "#0",
					"rotation": 90
				},
				"west": {
					"uv": [3, 0, 4, 16],
					"texture": "#0",
					"rotation": 90
				},
				"up": {
					"uv": [3, 0, 4, 16],
					"texture": "#0",
					"rotation": 90
				},
				"down": {
					"uv": [3, 0, 4, 16],
					"texture": "#0",
					"rotation": 90
				}
			},
			"rotation": {
				"origin": [11, 8, 5],
				"axis": "y",
				"angle": 0
			}
		},
		{
			"name": "Outer Right",
			"from": [13, 1, 0],
			"to": [14, 2, 16],
			"shade": true,
			"faces": {
				"north": {
					"uv": [13, 0, 14, 16],
					"texture": "#0",
					"rotation": 90
				},
				"east": {
					"uv": [13, 0, 14, 16],
					"texture": "#0",
					"rotation": 90
				},
				"south": {
					"uv": [13, 0, 14, 16],
					"texture": "#0",
					"rotation": 90
				},
				"west": {
					"uv": [13, 0, 14, 16],
					"texture": "#0",
					"rotation": 90
				},
				"up": {
					"uv": [13, 0, 14, 16],
					"texture": "#0",
					"rotation": 90
				},
				"down": {
					"uv": [13, 0, 14, 16],
					"texture": "#0",
					"rotation": 90
				}
			},
			"rotation": {
				"origin": [21, 8, -5],
				"axis": "y",
				"angle": 0
			}
		},
		{
			"name": "Inner Right",
			"from": [12, 1, 0],
			"to": [13, 3, 16],
			"shade": true,
			"faces": {
				"north": {"uv": [12, 0, 13, 16], "texture": "#0"},
				"east": {"uv": [12, 0, 13, 16], "texture": "#0"},
				"south": {"uv": [12, 0, 13, 16], "texture": "#0"},
				"west": {"uv": [12, 0, 13, 16], "texture": "#0"},
				"up": {"uv": [12, 0, 13, 16], "texture": "#0"},
				"down": {"uv": [12, 0, 13, 16], "texture": "#0"}
			},
			"rotation": {
				"origin": [20, 8, -4],
				"axis": "y",
				"angle": 0
			}
		},
		{
			"name": "Tie 4",
			"from": [1, 0, 1],
			"to": [15, 1, 3],
			"shade": true,
			"faces": {
				"north": {
					"uv": [1, 1, 15, 2],
					"texture": "#0",
					"rotation": 180
				},
				"east": {
					"uv": [14, 1, 15, 3],
					"texture": "#0",
					"rotation": 90
				},
				"south": {"uv": [1, 2, 15, 3], "texture": "#0"},
				"west": {
					"uv": [1, 1, 2, 3],
					"texture": "#0",
					"rotation": 270
				},
				"up": {"uv": [1, 1, 15, 3], "texture": "#0"},
				"down": {
					"uv": [1, 1, 15, 3],
					"texture": "#0",
					"rotation": 180
				}
			},
			"rotation": {
				"origin": [8, 8, 8],
				"axis": "y",
				"angle": 0
			}
		},
		{
			"name": "Tie 3",
			"from": [1, 0, 5],
			"to": [15, 1, 7],
			"shade": true,
			"faces": {
				"north": {
					"uv": [1, 5, 15, 6],
					"texture": "#0",
					"rotation": 180
				},
				"east": {
					"uv": [14, 5, 15, 7],
					"texture": "#0",
					"rotation": 90
				},
				"south": {"uv": [1, 6, 15, 7], "texture": "#0"},
				"west": {
					"uv": [1, 5, 2, 7],
					"texture": "#0",
					"rotation": 270
				},
				"up": {"uv": [1, 5, 15, 7], "texture": "#0"},
				"down": {
					"uv": [1, 5, 15, 7],
					"texture": "#0",
					"rotation": 180
				}
			},
			"rotation": {
				"origin": [4, 8, 12],
				"axis": "y",
				"angle": 0
			}
		},
		{
			"name": "Tie 2",
			"from": [1, 0, 9],
			"to": [15, 1, 11],
			"shade": true,
			"faces": {
				"north": {
					"uv": [1, 9, 15, 10],
					"texture": "#0",
					"rotation": 180
				},
				"east": {
					"uv": [14, 9, 15, 11],
					"texture": "#0",
					"rotation": 90
				},
				"south": {"uv": [1, 10, 15, 11], "texture": "#0"},
				"west": {
					"uv": [1, 9, 2, 11],
					"texture": "#0",
					"rotation": 270
				},
				"up": {"uv": [1, 9, 15, 11], "texture": "#0"},
				"down": {
					"uv": [1, 9, 15, 11],
					"texture": "#0",
					"rotation": 180
				}
			},
			"rotation": {
				"origin": [0, 8, 16],
				"axis": "y",
				"angle": 0
			}
		},
		{
			"name": "Tie 1",
			"from": [1, 0, 13],
			"to": [15, 1, 15],
			"shade": true,
			"faces": {
				"north": {
					"uv": [1, 13, 15, 14],
					"texture": "#0",
					"rotation": 180
				},
				"east": {
					"uv": [14, 13, 15, 15],
					"texture": "#0",
					"rotation": 90
				},
				"south": {"uv": [1, 14, 15, 15], "texture": "#0"},
				"west": {
					"uv": [1, 13, 2, 15],
					"texture": "#0",
					"rotation": 270
				},
				"up": {"uv": [1, 13, 15, 15], "texture": "#0"},
				"down": {
					"uv": [1, 13, 15, 15],
					"texture": "#0",
					"rotation": 180
				}
			},
			"rotation": {
				"origin": [-4, 8, 20],
				"axis": "y",
				"angle": 0
			}
		},
		{
			"name": "RS 3",
			"from": [7, 0, 3],
			"to": [9, 1, 5],
			"shade": true,
			"faces": {
				"north": {"uv": [0, 0, 2, 1], "texture": "#0"},
				"east": {"uv": [8, 3, 9, 5], "texture": "#0"},
				"south": {"uv": [0, 0, 2, 1], "texture": "#0"},
				"west": {"uv": [7, 3, 8, 5], "texture": "#0"},
				"up": {"uv": [7, 3, 9, 5], "texture": "#0"},
				"down": {"uv": [7, 3, 9, 5], "texture": "#0"}
			}
		},
		{
			"name": "RS 2",
			"from": [7, 0, 7],
			"to": [9, 1, 9],
			"shade": true,
			"faces": {
				"north": {"uv": [0, 0, 2, 1], "texture": "#0"},
				"east": {
					"uv": [8, 7, 9, 9],
					"texture": "#0",
					"rotation": 90
				},
				"south": {"uv": [0, 0, 2, 1], "texture": "#0"},
				"west": {
					"uv": [7, 7, 8, 9],
					"texture": "#0",
					"rotation": 270
				},
				"up": {"uv": [7, 7, 9, 9], "texture": "#0"},
				"down": {"uv": [7, 7, 9, 9], "texture": "#0"}
			}
		},
		{
			"name": "RS 1",
			"from": [7, 0, 11],
			"to": [9, 1, 13],
			"shade": true,
			"faces": {
				"north": {"uv": [0, 0, 2, 1], "texture": "#0"},
				"east": {
					"uv": [8, 7, 9, 9],
					"texture": "#0",
					"rotation": 90
				},
				"south": {"uv": [0, 0, 2, 1], "texture": "#0"},
				"west": {
					"uv": [7, 11, 8, 13],
					"texture": "#0",
					"rotation": 270
				},
				"up": {"uv": [7, 11, 9, 13], "texture": "#0"},
				"down": {"uv": [7, 11, 9, 13], "texture": "#0"}
			}
		},
		{
			"name": "Golden Left",
			"from": [4, 1, 0],
			"to": [5, 2, 16],
			"shade": true,
			"faces": {
				"north": {"uv": [4, 0, 5, 1], "texture": "#0"},
				"east": {
					"uv": [4, 0, 5, 16],
					"texture": "#0",
					"rotation": 90
				},
				"south": {"uv": [4, 15, 5, 16], "texture": "#0"},
				"west": {"uv": [4, 0, 5, 16], "texture": "#0"},
				"up": {"uv": [4, 0, 5, 16], "texture": "#0"},
				"down": {
					"uv": [4, 0, 5, 16],
					"texture": "#0",
					"rotation": 180
				}
			},
			"rotation": {
				"origin": [12, 8, 6],
				"axis": "y",
				"angle": 0
			}
		},
		{
			"name": "Golden Right",
			"from": [11, 1, 0],
			"to": [12, 2, 16],
			"shade": true,
			"faces": {
				"north": {"uv": [11, 0, 12, 1], "texture": "#0"},
				"east": {"uv": [11, 0, 12, 16], "texture": "#0"},
				"south": {"uv": [11, 15, 12, 16], "texture": "#0"},
				"west": {
					"uv": [11, 0, 12, 16],
					"texture": "#0",
					"rotation": 270
				},
				"up": {"uv": [11, 0, 12, 16], "texture": "#0"},
				"down": {
					"uv": [11, 0, 12, 16],
					"texture": "#0",
					"rotation": 180
				}
			},
			"rotation": {
				"origin": [19, 8, 6],
				"axis": "y",
				"angle": 0
			}
		}
	],
	"display": {
		"thirdperson_righthand": {
			"rotation": [0, 0, 0],
			"translation": [-0.5, 0, 0],
			"scale": [1, 0, 0]
		},
		"thirdperson_lefthand": {},
		"firstperson_righthand": {},
		"firstperson_lefthand": {},
		"head": {},
		"ground": {},
		"fixed": {},
		"gui": {}
	}
}
