{
	"credit": "Made by bballboy2002 with Blockbench, a free, modern block model editor by JannisX11",
	"textures": {
		"particle": "#rail"
	},
	"elements": [
		{
			"name": "Tie 3.5",
			"from": [11, 0, 1],
			"to": [13, 1, 4],
			"shade": true,
			"faces": {
				"north": {
					"uv": [11, 1, 13, 2],
					"rotation": 180,
					"texture": "#rail"
				},
				"east": {
					"uv": [12, 1, 13, 4],
					"rotation": 90,
					"texture": "#rail"
				},
				"south": {"uv": [11, 3, 13, 4], "texture": "#rail"},
				"west": {
					"uv": [11, 1, 12, 4],
					"rotation": 270,
					"texture": "#rail"
				},
				"up": {"uv": [11, 1, 13, 4], "texture": "#rail"},
				"down": {
					"uv": [1, 11, 4, 13],
					"texture": "#rail",
					"rotation": 270
				}
			}
		},
		{
			"name": "Tie 3.4",
			"from": [12, 0, 4],
			"to": [14, 1, 7],
			"shade": true,
			"faces": {
				"north": {
					"uv": [12, 4, 14, 5],
					"rotation": 180,
					"texture": "#rail"
				},
				"east": {
					"uv": [13, 4, 14, 7],
					"rotation": 90,
					"texture": "#rail"
				},
				"south": {"uv": [12, 6, 14, 7], "texture": "#rail"},
				"west": {
					"uv": [12, 4, 13, 7],
					"texture": "#rail",
					"rotation": 270
				},
				"up": {"uv": [12, 4, 14, 7], "texture": "#rail"},
				"down": {
					"uv": [4, 12, 7, 14],
					"texture": "#rail",
					"rotation": 270
				}
			}
		},
		{
			"name": "Tie 3.3",
			"from": [13, 0, 7],
			"to": [15, 1, 10],
			"shade": true,
			"faces": {
				"north": {
					"uv": [13, 7, 15, 8],
					"rotation": 180,
					"texture": "#rail"
				},
				"east": {
					"uv": [14, 7, 15, 10],
					"rotation": 90,
					"texture": "#rail"
				},
				"south": {"uv": [13, 9, 15, 10], "texture": "#rail"},
				"west": {
					"uv": [13, 7, 14, 10],
					"texture": "#rail",
					"rotation": 270
				},
				"up": {"uv": [13, 7, 15, 10], "texture": "#rail"},
				"down": {
					"uv": [7, 13, 10, 15],
					"rotation": 270,
					"texture": "#rail"
				}
			}
		},
		{
			"name": "Tie 3.2",
			"from": [14, 0, 10],
			"to": [16, 1, 13],
			"shade": true,
			"faces": {
				"north": {
					"uv": [14, 10, 16, 11],
					"texture": "#rail",
					"rotation": 180
				},
				"east": {
					"uv": [15, 10, 16, 13],
					"rotation": 90,
					"texture": "#rail"
				},
				"west": {
					"uv": [14, 10, 15, 13],
					"texture": "#rail",
					"rotation": 270
				},
				"up": {"uv": [14, 10, 16, 13], "texture": "#rail"},
				"down": {
					"uv": [10, 14, 13, 16],
					"texture": "#rail",
					"rotation": 270
				}
			}
		},
		{
			"name": "Tie 1.5",
			"from": [1, 0, 11],
			"to": [4, 1, 13],
			"shade": true,
			"faces": {
				"north": {
					"uv": [1, 11, 4, 12],
					"texture": "#rail",
					"rotation": 180
				},
				"east": {
					"uv": [3, 11, 4, 13],
					"rotation": 90,
					"texture": "#rail"
				},
				"south": {"uv": [1, 12, 4, 13], "texture": "#rail"},
				"west": {"uv": [1, 11, 2, 13], "texture": "#rail"},
				"up": {"uv": [1, 11, 4, 13], "texture": "#rail"},
				"down": {
					"uv": [11, 1, 13, 4],
					"texture": "#rail",
					"rotation": 270
				}
			}
		},
		{
			"name": "Tie 1.4",
			"from": [4, 0, 12],
			"to": [7, 1, 14],
			"shade": true,
			"faces": {
				"north": {
					"uv": [4, 12, 7, 13],
					"texture": "#rail",
					"rotation": 180
				},
				"east": {
					"uv": [6, 12, 7, 14],
					"rotation": 90,
					"texture": "#rail"
				},
				"south": {"uv": [4, 13, 7, 14], "texture": "#rail"},
				"west": {
					"uv": [4, 12, 5, 14],
					"texture": "#rail",
					"rotation": 270
				},
				"up": {"uv": [4, 12, 7, 14], "texture": "#rail"},
				"down": {
					"uv": [12, 4, 14, 7],
					"texture": "#rail",
					"rotation": 270
				}
			}
		},
		{
			"name": "Tie 1.3",
			"from": [7, 0, 13],
			"to": [10, 1, 15],
			"shade": true,
			"faces": {
				"north": {
					"uv": [7, 13, 10, 14],
					"texture": "#rail",
					"rotation": 180
				},
				"east": {
					"uv": [9, 13, 10, 15],
					"texture": "#rail",
					"rotation": 90
				},
				"south": {"uv": [7, 14, 10, 15], "texture": "#rail"},
				"west": {
					"uv": [7, 13, 8, 15],
					"texture": "#rail",
					"rotation": 270
				},
				"up": {"uv": [7, 13, 10, 15], "texture": "#rail"},
				"down": {
					"uv": [13, 7, 15, 10],
					"texture": "#rail",
					"rotation": 270
				}
			}
		},
		{
			"name": "Tie 1.2",
			"from": [10, 0, 14],
			"to": [13, 1, 16],
			"shade": true,
			"faces": {
				"north": {
					"uv": [10, 14, 13, 15],
					"texture": "#rail",
					"rotation": 180
				},
				"south": {"uv": [10, 15, 13, 16], "texture": "#rail"},
				"west": {
					"uv": [10, 14, 11, 16],
					"rotation": 270,
					"texture": "#rail"
				},
				"up": {"uv": [10, 14, 13, 16], "texture": "#rail"},
				"down": {
					"uv": [14, 10, 16, 13],
					"texture": "#rail",
					"rotation": 270
				}
			}
		},
		{
			"name": "Tie 3.1",
			"from": [15, 0, 13],
			"to": [16, 1, 15],
			"shade": true,
			"faces": {
				"east": {
					"uv": [15, 11, 16, 13],
					"texture": "#rail",
					"rotation": 270
				},
				"south": {"uv": [15, 14, 16, 15], "texture": "#rail"},
				"up": {"uv": [15, 13, 16, 15], "texture": "#rail"},
				"down": {
					"uv": [13, 15, 15, 16],
					"texture": "#rail",
					"rotation": 270
				}
			}
		},
		{
			"name": "Tie 1.1",
			"from": [13, 0, 15],
			"to": [15, 1, 16],
			"shade": true,
			"faces": {
				"east": {"uv": [14, 15, 15, 16], "texture": "#rail"},
				"south": {"uv": [13, 15, 15, 16], "texture": "#rail"},
				"up": {"uv": [13, 15, 15, 16], "texture": "#rail"},
				"down": {
					"uv": [15, 13, 16, 15],
					"texture": "#rail",
					"rotation": 270
				}
			}
		},
		{
			"name": "Tie 2.1",
			"from": [14, 0, 13],
			"to": [15, 1, 15],
			"shade": true,
			"faces": {
				"up": {"uv": [14, 13, 15, 15], "texture": "#rail"},
				"down": {
					"uv": [14, 13, 15, 15],
					"texture": "#rail",
					"rotation": 180
				}
			}
		},
		{
			"name": "Tie 2.2",
			"from": [13, 0, 12],
			"to": [14, 1, 15],
			"shade": true,
			"faces": {
				"north": {
					"uv": [13, 12, 14, 13],
					"rotation": 270,
					"texture": "#rail"
				},
				"up": {"uv": [13, 12, 14, 15], "texture": "#rail"},
				"down": {
					"uv": [13, 12, 14, 15],
					"texture": "#rail",
					"rotation": 180
				}
			}
		},
		{
			"name": "Tie 2.3",
			"from": [12, 0, 11],
			"to": [13, 1, 14],
			"shade": true,
			"faces": {
				"north": {
					"uv": [12, 11, 13, 12],
					"rotation": 270,
					"texture": "#rail"
				},
				"east": {
					"uv": [12, 11, 13, 14],
					"rotation": 90,
					"texture": "#rail"
				},
				"west": {
					"uv": [12, 11, 13, 14],
					"texture": "#rail",
					"rotation": 270
				},
				"up": {"uv": [12, 11, 13, 14], "texture": "#rail"},
				"down": {
					"uv": [12, 11, 13, 14],
					"texture": "#rail",
					"rotation": 180
				}
			}
		},
		{
			"name": "Tie 2.4",
			"from": [11, 0, 10],
			"to": [12, 1, 13],
			"shade": true,
			"faces": {
				"north": {
					"uv": [11, 10, 12, 11],
					"rotation": 270,
					"texture": "#rail"
				},
				"east": {
					"uv": [11, 10, 12, 13],
					"rotation": 90,
					"texture": "#rail"
				},
				"south": {
					"uv": [11, 12, 12, 13],
					"texture": "#rail",
					"rotation": 90
				},
				"west": {
					"uv": [11, 10, 12, 13],
					"rotation": 270,
					"texture": "#rail"
				},
				"up": {"uv": [11, 10, 12, 13], "texture": "#rail"},
				"down": {
					"uv": [11, 10, 12, 13],
					"texture": "#rail",
					"rotation": 180
				}
			}
		},
		{
			"name": "Tie 2.5",
			"from": [10, 0, 9],
			"to": [11, 1, 12],
			"shade": true,
			"faces": {
				"north": {
					"uv": [10, 9, 11, 10],
					"rotation": 270,
					"texture": "#rail"
				},
				"east": {
					"uv": [10, 9, 11, 12],
					"rotation": 90,
					"texture": "#rail"
				},
				"south": {
					"uv": [10, 11, 11, 12],
					"rotation": 90,
					"texture": "#rail"
				},
				"west": {
					"uv": [10, 9, 11, 12],
					"rotation": 270,
					"texture": "#rail"
				},
				"up": {"uv": [10, 9, 11, 12], "texture": "#rail"},
				"down": {
					"uv": [10, 9, 11, 12],
					"texture": "#rail",
					"rotation": 180
				}
			}
		},
		{
			"name": "Tie 2.6",
			"from": [9, 0, 8],
			"to": [10, 1, 11],
			"shade": true,
			"faces": {
				"north": {
					"uv": [9, 8, 10, 9],
					"rotation": 270,
					"texture": "#rail"
				},
				"east": {
					"uv": [9, 8, 10, 11],
					"rotation": 90,
					"texture": "#rail"
				},
				"south": {
					"uv": [9, 10, 10, 11],
					"rotation": 90,
					"texture": "#rail"
				},
				"west": {
					"uv": [9, 8, 10, 11],
					"rotation": 270,
					"texture": "#rail"
				},
				"up": {"uv": [9, 8, 10, 11], "texture": "#rail"},
				"down": {
					"uv": [9, 8, 10, 11],
					"rotation": 180,
					"texture": "#rail"
				}
			}
		},
		{
			"name": "Tie 2.7",
			"from": [8, 0, 7],
			"to": [9, 1, 10],
			"shade": true,
			"faces": {
				"north": {
					"uv": [8, 7, 9, 8],
					"rotation": 270,
					"texture": "#rail"
				},
				"east": {
					"uv": [8, 7, 9, 10],
					"rotation": 90,
					"texture": "#rail"
				},
				"south": {
					"uv": [8, 9, 9, 10],
					"rotation": 90,
					"texture": "#rail"
				},
				"west": {
					"uv": [8, 7, 9, 10],
					"rotation": 270,
					"texture": "#rail"
				},
				"up": {"uv": [8, 7, 9, 10], "texture": "#rail"},
				"down": {
					"uv": [8, 7, 9, 10],
					"texture": "#rail",
					"rotation": 180
				}
			}
		},
		{
			"name": "Tie 2.8",
			"from": [7, 0, 6],
			"to": [8, 1, 9],
			"shade": true,
			"faces": {
				"north": {
					"uv": [7, 6, 8, 7],
					"rotation": 270,
					"texture": "#rail"
				},
				"east": {
					"uv": [7, 6, 8, 9],
					"rotation": 90,
					"texture": "#rail"
				},
				"south": {
					"uv": [7, 8, 8, 9],
					"rotation": 90,
					"texture": "#rail"
				},
				"west": {
					"uv": [7, 6, 8, 9],
					"rotation": 270,
					"texture": "#rail"
				},
				"up": {"uv": [7, 6, 8, 9], "texture": "#rail"},
				"down": {
					"uv": [7, 6, 8, 9],
					"texture": "#rail",
					"rotation": 180
				}
			}
		},
		{
			"name": "Tie 2.9",
			"from": [6, 0, 5],
			"to": [7, 1, 8],
			"shade": true,
			"faces": {
				"north": {
					"uv": [6, 5, 7, 6],
					"rotation": 270,
					"texture": "#rail"
				},
				"east": {
					"uv": [6, 5, 7, 8],
					"texture": "#rail",
					"rotation": 90
				},
				"south": {
					"uv": [6, 7, 7, 8],
					"rotation": 90,
					"texture": "#rail"
				},
				"west": {
					"uv": [6, 5, 7, 8],
					"rotation": 270,
					"texture": "#rail"
				},
				"up": {"uv": [6, 5, 7, 8], "texture": "#rail"},
				"down": {
					"uv": [6, 5, 7, 8],
					"texture": "#rail",
					"rotation": 180
				}
			}
		},
		{
			"name": "Tie 2.10",
			"from": [5, 0, 5],
			"to": [6, 1, 7],
			"shade": true,
			"faces": {
				"north": {
					"uv": [5, 5, 6, 6],
					"rotation": 270,
					"texture": "#rail"
				},
				"south": {
					"uv": [5, 6, 6, 7],
					"rotation": 270,
					"texture": "#rail"
				},
				"west": {
					"uv": [5, 5, 6, 7],
					"rotation": 270,
					"texture": "#rail"
				},
				"up": {"uv": [5, 5, 6, 7], "texture": "#rail"},
				"down": {
					"uv": [5, 5, 6, 7],
					"texture": "#rail",
					"rotation": 180
				}
			}
		},
		{
			"name": "Inner Right 3",
			"from": [14, 1, 12],
			"to": [16, 3, 13],
			"shade": true,
			"faces": {
				"north": {"uv": [12, 14, 13, 16], "texture": "#rail"},
				"east": {"uv": [12, 14, 13, 16], "texture": "#rail"},
				"south": {"uv": [12, 14, 13, 16], "texture": "#rail"},
				"west": {"uv": [12, 14, 13, 16], "texture": "#rail"},
				"up": {"uv": [12, 14, 13, 16], "texture": "#rail"},
				"down": {"uv": [12, 14, 13, 16], "texture": "#rail"}
			}
		},
		{
			"name": "Inner Right 2",
			"from": [13, 1, 13],
			"to": [14, 3, 14],
			"shade": true,
			"faces": {
				"north": {"uv": [12, 14, 13, 16], "texture": "#rail"},
				"east": {"uv": [12, 14, 13, 16], "texture": "#rail"},
				"south": {"uv": [12, 14, 13, 16], "texture": "#rail"},
				"west": {"uv": [12, 14, 13, 16], "texture": "#rail"},
				"up": {"uv": [12, 14, 13, 16], "texture": "#rail"},
				"down": {"uv": [12, 14, 13, 16], "texture": "#rail"}
			}
		},
		{
			"name": "Inner Right 1",
			"from": [12, 1, 14],
			"to": [13, 3, 16],
			"shade": true,
			"faces": {
				"north": {"uv": [12, 14, 13, 16], "texture": "#rail"},
				"east": {"uv": [12, 14, 13, 16], "texture": "#rail"},
				"south": {"uv": [12, 14, 13, 16], "texture": "#rail"},
				"west": {"uv": [12, 14, 13, 16], "texture": "#rail"},
				"up": {"uv": [12, 14, 13, 16], "texture": "#rail"},
				"down": {"uv": [12, 14, 13, 16], "texture": "#rail"}
			}
		},
		{
			"name": "Inner Left 8",
			"from": [12, 1, 3],
			"to": [16, 3, 4],
			"shade": true,
			"faces": {
				"north": {"uv": [3, 12, 4, 16], "texture": "#rail"},
				"east": {"uv": [3, 12, 4, 16], "texture": "#rail"},
				"south": {"uv": [3, 12, 4, 16], "texture": "#rail"},
				"west": {"uv": [3, 12, 4, 16], "texture": "#rail"},
				"up": {"uv": [3, 12, 4, 16], "texture": "#rail"},
				"down": {"uv": [3, 12, 4, 16], "texture": "#rail"}
			}
		},
		{
			"name": "Inner Left 7",
			"from": [10, 1, 4],
			"to": [12, 3, 5],
			"shade": true,
			"faces": {
				"north": {"uv": [3, 12, 4, 16], "texture": "#rail"},
				"east": {"uv": [3, 12, 4, 16], "texture": "#rail"},
				"south": {"uv": [3, 12, 4, 16], "texture": "#rail"},
				"west": {"uv": [3, 12, 4, 16], "texture": "#rail"},
				"up": {"uv": [3, 12, 4, 16], "texture": "#rail"},
				"down": {"uv": [3, 12, 4, 16], "texture": "#rail"}
			}
		},
		{
			"name": "Inner Left 6",
			"from": [8, 1, 5],
			"to": [10, 3, 6],
			"shade": true,
			"faces": {
				"north": {"uv": [3, 12, 4, 16], "texture": "#rail"},
				"east": {"uv": [3, 12, 4, 16], "texture": "#rail"},
				"south": {"uv": [3, 12, 4, 16], "texture": "#rail"},
				"west": {"uv": [3, 12, 4, 16], "texture": "#rail"},
				"up": {"uv": [3, 12, 4, 16], "texture": "#rail"},
				"down": {"uv": [3, 12, 4, 16], "texture": "#rail"}
			}
		},
		{
			"name": "Inner Left 5",
			"from": [7, 1, 6],
			"to": [8, 3, 7],
			"shade": true,
			"faces": {
				"north": {"uv": [3, 12, 4, 16], "texture": "#rail"},
				"east": {"uv": [3, 12, 4, 16], "texture": "#rail"},
				"south": {"uv": [3, 12, 4, 16], "texture": "#rail"},
				"west": {"uv": [3, 12, 4, 16], "texture": "#rail"},
				"up": {"uv": [3, 12, 4, 16], "texture": "#rail"},
				"down": {"uv": [3, 12, 4, 16], "texture": "#rail"}
			}
		},
		{
			"name": "Inner Left 4",
			"from": [6, 1, 7],
			"to": [7, 3, 8],
			"shade": true,
			"faces": {
				"north": {"uv": [3, 12, 4, 16], "texture": "#rail"},
				"east": {"uv": [3, 12, 4, 16], "texture": "#rail"},
				"south": {"uv": [3, 12, 4, 16], "texture": "#rail"},
				"west": {"uv": [3, 12, 4, 16], "texture": "#rail"},
				"up": {"uv": [3, 12, 4, 16], "texture": "#rail"},
				"down": {"uv": [3, 12, 4, 16], "texture": "#rail"}
			}
		},
		{
			"name": "Inner Left 3",
			"from": [5, 1, 8],
			"to": [6, 3, 10],
			"shade": true,
			"faces": {
				"north": {"uv": [3, 12, 4, 16], "texture": "#rail"},
				"east": {"uv": [3, 12, 4, 16], "texture": "#rail"},
				"south": {"uv": [3, 12, 4, 16], "texture": "#rail"},
				"west": {"uv": [3, 12, 4, 16], "texture": "#rail"},
				"up": {"uv": [3, 12, 4, 16], "texture": "#rail"},
				"down": {"uv": [3, 12, 4, 16], "texture": "#rail"}
			}
		},
		{
			"name": "Inner Left 2",
			"from": [4, 1, 10],
			"to": [5, 3, 12],
			"shade": true,
			"faces": {
				"north": {"uv": [3, 12, 4, 16], "texture": "#rail"},
				"east": {"uv": [3, 12, 4, 16], "texture": "#rail"},
				"south": {"uv": [3, 12, 4, 16], "texture": "#rail"},
				"west": {"uv": [3, 12, 4, 16], "texture": "#rail"},
				"up": {"uv": [3, 12, 4, 16], "texture": "#rail"},
				"down": {"uv": [3, 12, 4, 16], "texture": "#rail"}
			}
		},
		{
			"name": "Inner Left 1",
			"from": [3, 1, 12],
			"to": [4, 3, 16],
			"shade": true,
			"faces": {
				"north": {"uv": [3, 12, 4, 16], "texture": "#rail"},
				"east": {"uv": [3, 12, 4, 16], "texture": "#rail"},
				"south": {"uv": [3, 12, 4, 16], "texture": "#rail"},
				"west": {"uv": [3, 12, 4, 16], "texture": "#rail"},
				"up": {"uv": [3, 12, 4, 16], "texture": "#rail"},
				"down": {"uv": [3, 12, 4, 16], "texture": "#rail"}
			}
		},
		{
			"name": "Outer Left 9",
			"from": [12, 1, 2],
			"to": [16, 2, 3],
			"shade": true,
			"faces": {
				"north": {"uv": [12, 2, 16, 3], "texture": "#rail"},
				"east": {"uv": [12, 2, 16, 3], "texture": "#rail"},
				"south": {"uv": [12, 2, 16, 3], "texture": "#rail"},
				"west": {"uv": [12, 2, 16, 3], "texture": "#rail"},
				"up": {"uv": [12, 2, 16, 3], "texture": "#rail"},
				"down": {"uv": [12, 2, 16, 3], "texture": "#rail"}
			}
		},
		{
			"name": "Outer Left 8",
			"from": [10, 1, 3],
			"to": [12, 2, 4],
			"shade": true,
			"faces": {
				"north": {"uv": [12, 2, 14, 3], "texture": "#rail"},
				"east": {"uv": [12, 2, 13, 3], "texture": "#rail"},
				"south": {"uv": [12, 2, 14, 3], "texture": "#rail"},
				"west": {"uv": [12, 2, 13, 3], "texture": "#rail"},
				"up": {"uv": [12, 2, 14, 3], "texture": "#rail"},
				"down": {"uv": [12, 2, 14, 3], "texture": "#rail"}
			}
		},
		{
			"name": "Outer Left 7",
			"from": [8, 1, 4],
			"to": [10, 2, 5],
			"shade": true,
			"faces": {
				"north": {"uv": [12, 2, 14, 3], "texture": "#rail"},
				"east": {"uv": [12, 2, 13, 3], "texture": "#rail"},
				"south": {"uv": [12, 2, 14, 3], "texture": "#rail"},
				"west": {"uv": [12, 2, 13, 3], "texture": "#rail"},
				"up": {"uv": [12, 2, 14, 3], "texture": "#rail"},
				"down": {"uv": [12, 2, 14, 3], "texture": "#rail"}
			}
		},
		{
			"name": "Outer Left 5",
			"from": [6, 1, 6],
			"to": [7, 2, 7],
			"shade": true,
			"faces": {
				"north": {"uv": [12, 2, 13, 3], "texture": "#rail"},
				"east": {"uv": [12, 2, 13, 3], "texture": "#rail"},
				"south": {"uv": [12, 2, 13, 3], "texture": "#rail"},
				"west": {"uv": [12, 2, 13, 3], "texture": "#rail"},
				"up": {"uv": [12, 2, 13, 3], "texture": "#rail"},
				"down": {"uv": [12, 2, 13, 3], "texture": "#rail"}
			}
		},
		{
			"name": "Outer Left 6",
			"from": [7, 1, 5],
			"to": [8, 2, 6],
			"shade": true,
			"faces": {
				"north": {"uv": [12, 2, 13, 3], "texture": "#rail"},
				"east": {"uv": [12, 2, 13, 3], "texture": "#rail"},
				"south": {"uv": [12, 2, 13, 3], "texture": "#rail"},
				"west": {"uv": [12, 2, 13, 3], "texture": "#rail"},
				"up": {"uv": [12, 2, 13, 3], "texture": "#rail"},
				"down": {"uv": [12, 2, 13, 3], "texture": "#rail"}
			}
		},
		{
			"name": "Outer Left 4",
			"from": [5, 1, 7],
			"to": [6, 2, 8],
			"shade": true,
			"faces": {
				"north": {"uv": [12, 2, 13, 3], "texture": "#rail"},
				"east": {"uv": [12, 2, 13, 3], "texture": "#rail"},
				"south": {"uv": [12, 2, 13, 3], "texture": "#rail"},
				"west": {"uv": [12, 2, 13, 3], "texture": "#rail"},
				"up": {"uv": [12, 2, 13, 3], "texture": "#rail"},
				"down": {"uv": [12, 2, 13, 3], "texture": "#rail"}
			}
		},
		{
			"name": "Outer Left 3",
			"from": [4, 1, 8],
			"to": [5, 2, 10],
			"shade": true,
			"faces": {
				"north": {"uv": [12, 2, 16, 3], "texture": "#rail"},
				"east": {"uv": [12, 2, 16, 3], "texture": "#rail"},
				"south": {"uv": [12, 2, 16, 3], "texture": "#rail"},
				"west": {"uv": [12, 2, 16, 3], "texture": "#rail"},
				"up": {"uv": [12, 2, 16, 3], "texture": "#rail"},
				"down": {"uv": [12, 2, 16, 3], "texture": "#rail"}
			}
		},
		{
			"name": "Outer Left 2",
			"from": [3, 1, 10],
			"to": [4, 2, 12],
			"shade": true,
			"faces": {
				"north": {"uv": [12, 2, 16, 3], "texture": "#rail"},
				"east": {"uv": [12, 2, 16, 3], "texture": "#rail"},
				"south": {"uv": [12, 2, 16, 3], "texture": "#rail"},
				"west": {"uv": [12, 2, 16, 3], "texture": "#rail"},
				"up": {"uv": [12, 2, 16, 3], "texture": "#rail"},
				"down": {"uv": [12, 2, 16, 3], "texture": "#rail"}
			}
		},
		{
			"name": "Outer Left 1",
			"from": [2, 1, 12],
			"to": [3, 2, 16],
			"shade": true,
			"faces": {
				"north": {"uv": [12, 2, 16, 3], "texture": "#rail"},
				"east": {"uv": [12, 2, 16, 3], "texture": "#rail"},
				"south": {"uv": [12, 2, 16, 3], "texture": "#rail"},
				"west": {"uv": [12, 2, 16, 3], "texture": "#rail"},
				"up": {"uv": [12, 2, 16, 3], "texture": "#rail"},
				"down": {"uv": [12, 2, 16, 3], "texture": "#rail"}
			}
		},
		{
			"name": "Outer Right 1",
			"from": [13, 1, 14],
			"to": [14, 2, 16],
			"shade": true,
			"faces": {
				"north": {"uv": [12, 2, 16, 3], "texture": "#rail"},
				"east": {"uv": [12, 2, 16, 3], "texture": "#rail"},
				"south": {"uv": [12, 2, 16, 3], "texture": "#rail"},
				"west": {"uv": [12, 2, 16, 3], "texture": "#rail"},
				"up": {"uv": [12, 2, 16, 3], "texture": "#rail"},
				"down": {"uv": [12, 2, 16, 3], "texture": "#rail"}
			}
		},
		{
			"name": "Outer Right 2",
			"from": [14, 1, 13],
			"to": [16, 2, 14],
			"shade": true,
			"faces": {
				"north": {"uv": [12, 2, 14, 3], "texture": "#rail"},
				"east": {"uv": [12, 2, 13, 3], "texture": "#rail"},
				"south": {"uv": [12, 2, 14, 3], "texture": "#rail"},
				"west": {"uv": [12, 2, 13, 3], "texture": "#rail"},
				"up": {"uv": [12, 2, 14, 3], "texture": "#rail"},
				"down": {"uv": [12, 2, 14, 3], "texture": "#rail"}
			}
		}
	]
}
