{
	"__comment": "Designed by HanFox with Cubik - http://bdcraft.net",
	"parent": "block/block",
	"textures": {
		"particle": "forestry:blocks/wood/planks.maple",
		"post": "forestry:blocks/fences/bdc_fence_post_side2",
		"top": "forestry:blocks/fences/bdc_fence_post_top1",
		"crossbartop": "forestry:blocks/fences/bdc_fence_crossbar_top1",
		"crossbarside": "forestry:blocks/fences/bdc_fence_crossbar_side2"
	},
	"elements": [
		{
			"__comment": "Inner vertical post of left-hand gate door",
			"from": [ 0, 6, 13 ],
			"to": [ 2, 15, 15 ],
			"faces": {
				"down": { "uv": [ 12, 16, 16, 12 ], "texture": "#top" },
				"up": { "uv": [ 12, 12, 16, 16 ], "texture": "#top" },
				"north": { "uv": [ 12, 8, 16, 16 ], "texture": "#post" },
				"south": { "uv": [ 12, 8, 16, 16 ], "texture": "#post" },
				"west": { "uv": [ 12, 8, 16, 16 ], "texture": "#post" },
				"east": { "uv": [ 12, 8, 16, 16 ], "texture": "#post" }
			}
		},
		{
			"__comment": "Inner vertical post of right-hand gate door",
			"from": [ 14, 6, 13 ],
			"to": [ 16, 15, 15 ],
			"faces": {
				"down": { "uv": [ 12, 16, 16, 12 ], "texture": "#top" },
				"up": { "uv": [ 12, 12, 16, 16 ], "texture": "#top" },
				"north": { "uv": [ 12, 8, 16, 16 ], "texture": "#post" },
				"south": { "uv": [ 12, 8, 16, 16 ], "texture": "#post" },
				"west": { "uv": [ 12, 8, 16, 16 ], "texture": "#post" },
				"east": { "uv": [ 12, 8, 16, 16 ], "texture": "#post" }
			}
		},
		{
			"__comment": "Upper horizontal bar of left-hand gate door",
			"from": [ 0, 12, 11 ],
			"to": [ 2, 15, 13 ],
			"faces": {
				"down": { "uv": [ 14, 14, 16, 16 ], "texture": "#crossbartop", "rotation": 270 },
				"up": { "uv": [ 13.5, 14, 11, 16 ], "texture": "#crossbartop", "rotation": 270 },
				"west": { "uv": [ 13, 6, 10.5, 9 ], "texture": "#crossbarside" },
				"east": { "uv": [ 10.5, 6, 13, 9 ], "texture": "#crossbarside" }
			}
		},
		{
			"__comment": "Upper horizontal bar of left-hand gate door2",
			"from": [ 0, 12, 9 ],
			"to": [ 2, 15, 11 ],
			"faces": {
				"down": { "uv": [ 14, 14, 16, 16 ], "texture": "#crossbartop", "rotation": 270 },
				"up": { "uv": [ 11, 14, 13.5, 16 ], "texture": "#crossbartop", "rotation": 270 },
				"west": { "uv": [ 10.5, 6, 13, 9 ], "texture": "#crossbarside" },
				"east": { "uv": [ 13, 6, 10.5, 9 ], "texture": "#crossbarside" }
			}
		},
		{
			"__comment": "Lower horizontal bar of left-hand gate door",
			"from": [ 0, 6, 11 ],
			"to": [ 2, 9, 13 ],
			"faces": {
				"down": { "uv": [ 14, 14, 16, 16 ], "texture": "#crossbartop", "rotation": 270 },
				"up": { "uv": [ 13.5, 14, 11, 16 ], "texture": "#crossbartop", "rotation": 270 },
				"west": { "uv": [ 13, 6, 10.5, 9 ], "texture": "#crossbarside" },
				"east": { "uv": [ 10.5, 6, 13, 9 ], "texture": "#crossbarside" }
			}
		},
		{
			"__comment": "Lower horizontal bar of left-hand gate door2",
			"from": [ 0, 6, 9 ],
			"to": [ 2, 9, 11 ],
			"faces": {
				"down": { "uv": [ 14, 14, 16, 16 ], "texture": "#crossbartop", "rotation": 270 },
				"up": { "uv": [ 11, 14, 13.5, 16 ], "texture": "#crossbartop", "rotation": 270 },
				"west": { "uv": [ 10.5, 6, 13, 9 ], "texture": "#crossbarside" },
				"east": { "uv": [ 13, 6, 10.5, 9 ], "texture": "#crossbarside" }
			}
		},
		{
			"__comment": "Lower horizontal bar of right-hand gate door",
			"from": [ 14, 6, 9 ],
			"to": [ 16, 9, 11 ],
			"faces": {
				"down": { "uv": [ 14, 14, 16, 16 ], "texture": "#crossbartop", "rotation": 270 },
				"up": { "uv": [ 11, 14, 13.5, 16 ], "texture": "#crossbartop", "rotation": 270 },
				"west": { "uv": [ 10.5, 6, 13, 9 ], "texture": "#crossbarside" },
				"east": { "uv": [ 13, 6, 10.5, 9 ], "texture": "#crossbarside" }
			}
		},
		{
			"__comment": "Upper horizontal bar of right-hand gate door2",
			"from": [ 14, 12, 11 ],
			"to": [ 16, 15, 13 ],
			"faces": {
				"down": { "uv": [ 14, 14, 16, 16 ], "texture": "#crossbartop", "rotation": 270 },
				"up": { "uv": [ 13.5, 14, 11, 16 ], "texture": "#crossbartop", "rotation": 270 },
				"west": { "uv": [ 13, 6, 10.5, 9 ], "texture": "#crossbarside" },
				"east": { "uv": [ 2.5, 3, 5.5, 6 ], "texture": "#crossbarside" }
			}
		},
		{
			"__comment": "Upper horizontal bar of right-hand gate door",
			"from": [ 14, 12, 9 ],
			"to": [ 16, 15, 11 ],
			"faces": {
				"down": { "uv": [ 14, 14, 16, 16 ], "texture": "#crossbartop", "rotation": 270 },
				"up": { "uv": [ 11, 14, 13.5, 16 ], "texture": "#crossbartop", "rotation": 270 },
				"west": { "uv": [ 10.5, 6, 13, 9 ], "texture": "#crossbarside" },
				"east": { "uv": [ 13, 6, 10.5, 9 ], "texture": "#crossbarside" }
			}
		},
		{
			"__comment": "Lower horizontal bar of right-hand gate door2",
			"from": [ 14, 6, 11 ],
			"to": [ 16, 9, 13 ],
			"faces": {
				"down": { "uv": [ 14, 14, 16, 16 ], "texture": "#crossbartop", "rotation": 270 },
				"up": { "uv": [ 13.5, 14, 11, 16 ], "texture": "#crossbartop", "rotation": 270 },
				"west": { "uv": [ 13, 6, 10.5, 9 ], "texture": "#crossbarside" },
				"east": { "uv": [ 2.5, 3, 5.5, 6 ], "texture": "#crossbarside" }
			}
		}
	]
}
