{
"__comment": "Designed by the resident Inuit with BDcraft Cubik PRO 0.96 Beta - http://bdcraft.net",
"ambientocclusion": false,
"textures": {
    "particle": "biomesoplenty:blocks/bdc_fence_fir_side",
    "texture": "biomesoplenty:blocks/bdc_gate02",
    "top": "biomesoplenty:blocks/bdc_fence_fir_top"
},
"elements": [ 
{
    "__comment": "Left-hand post",
    "from": [ 0, 2, 7 ],
    "to": [ 2, 13, 9 ],
    "faces": {
        "down":  { "uv": [ 6, 6, 10, 10 ], "texture": "#top" },
        "up":    { "uv": [ 6, 6, 10, 10 ], "texture": "#top" },
        "north": { "uv": [ 14, 5, 16, 16 ], "texture": "#texture" },
        "south": { "uv": [ 14, 0, 16, 11 ], "texture": "#texture" },
        "west":  { "uv": [ 14, 0, 16, 11 ], "texture": "#texture", "cullface": "west" },
        "east":  { "uv": [ 14, 3.5, 16, 14.5 ], "texture": "#texture" }
    }
},
{
    "__comment": "Right-hand post",
    "from": [ 14, 2, 7 ],
    "to": [ 16, 13, 9 ],
    "faces": {
        "down":  { "uv": [ 6, 6, 10, 10 ], "texture": "#top" },
        "up":    { "uv": [ 6, 6, 10, 10 ], "texture": "#top" },
        "north": { "uv": [ 14, 0, 16, 11 ], "texture": "#texture" },
        "south": { "uv": [ 14, 5, 16, 16 ], "texture": "#texture" },
        "west":  { "uv": [ 14, 5, 16, 16 ], "texture": "#texture" },
        "east":  { "uv": [ 14, 2.5, 16, 13.5 ], "texture": "#texture", "cullface": "east" }
    }
},
{
    "__comment": "Inner vertical post of left-hand gate door",
    "from": [ 0, 3, 13 ],
    "to": [ 2, 12, 15 ],
    "faces": {
        "down":  { "uv": [ 6, 6, 10, 10 ], "texture": "#top" },
        "up":    { "uv": [ 6, 6, 10, 10 ], "texture": "#top" },
        "north": { "uv": [ 14, 4, 16, 13 ], "texture": "#texture" },
        "south": { "uv": [ 14, 0, 16, 9 ], "texture": "#texture" },
        "west":  { "uv": [ 14, 1.5, 16, 10.5 ], "texture": "#texture" },
        "east":  { "uv": [ 14, 7, 16, 16 ], "texture": "#texture" }
    }
},
{
    "__comment": "Inner vertical post of right-hand gate door",
    "from": [ 14, 3, 13 ],
    "to": [ 16, 12, 15 ],
    "faces": {
        "down":  { "uv": [ 6, 6, 10, 10 ], "texture": "#top" },
        "up":    { "uv": [ 6, 6, 10, 10 ], "texture": "#top" },
        "north": { "uv": [ 14, 7, 16, 16 ], "texture": "#texture" },
        "south": { "uv": [ 14, 1, 16, 10 ], "texture": "#texture" },
        "west":  { "uv": [ 14, 4.5, 16, 13.5 ], "texture": "#texture" },
        "east":  { "uv": [ 14, 2, 16, 11 ], "texture": "#texture" }
    }
},
{
    "__comment": "Lower horizontal bar of left-hand gate door",
    "from": [ 0, 3, 9 ],
    "to": [ 2, 6, 13 ],
    "faces": {
        "down":  { "uv": [ 7, 1, 9, 5 ], "texture": "#top" },
        "up":    { "uv": [ 7, 1, 9, 5 ], "texture": "#top" },
        "west":  { "uv": [ 0, 3, 4, 6 ], "texture": "#texture" },
        "east":  { "uv": [ 0, 0, 4, 3 ], "texture": "#texture" }
    }
},
{
    "__comment": "Upper horizontal bar of left-hand gate door",
    "from": [ 0, 9, 9 ],
    "to": [ 2, 12, 13 ],
    "faces": {
        "down":  { "uv": [ 7, 11, 9, 15 ], "texture": "#top" },
        "up":    { "uv": [ 7, 11, 9, 15 ], "texture": "#top" },
        "west":  { "uv": [ 0, 0, 4, 3 ], "texture": "#texture" },
        "east":  { "uv": [ 0, 3, 4, 6 ], "texture": "#texture" }
    }
},
{
    "__comment": "Lower horizontal bar of left-hand gate door",
    "from": [ 14, 3, 9 ],
    "to": [ 16, 6, 13 ],
    "faces": {
        "down":  { "uv": [ 7, 11, 9, 15 ], "texture": "#top" },
        "up":    { "uv": [ 7, 11, 9, 15 ], "texture": "#top" },
        "west":  { "uv": [ 0, 0, 4, 3 ], "texture": "#texture" },
        "east":  { "uv": [ 0, 3, 4, 6 ], "texture": "#texture" }
    }
},
{
    "__comment": "Upper horizontal bar of left-hand gate door",
    "from": [ 14, 9, 9 ],
    "to": [ 16, 12, 13 ],
    "faces": {
        "down":  { "uv": [ 7, 1, 9, 5 ], "texture": "#top" },
        "up":    { "uv": [ 7, 1, 9, 5 ], "texture": "#top" },
        "west":  { "uv": [ 0, 0, 4, 3 ], "texture": "#texture" },
        "east":  { "uv": [ 0, 3, 4, 6 ], "texture": "#texture" }
    }
}
]
}