{
	"__comment": "Designed by the resident Inuit with BDcraft Cubik PRO 0.96 Beta - http://bdcraft.net",
	"parent": "block/block",
	"textures": {
		"particle": "biomesoplenty:blocks/bdc_fence_magic_side",
                "texture": "biomesoplenty:blocks/bdc_gate02",
                "top": "biomesoplenty:blocks/bdc_fence_magic_top"
	},
	"elements": [
		{
			"__comment": "Left-hand post",
			"from": [ 7, 5, 14 ],
			"to": [ 9, 16, 16 ],
 
			"faces": {
				"down": { "uv": [ 6, 6, 10, 10 ], "texture": "#top", "rotation": 180 },
				"up": { "uv": [ 6, 6, 10, 10 ], "texture": "#top" },
				"north": { "uv": [ 8, 3.5, 10, 14.5 ], "texture": "#texture" },
				"south": { "uv": [ 8, 0, 10, 11 ], "texture": "#texture" },
				"west": { "uv": [ 8, 5, 10, 16 ], "texture": "#texture", "cullface": "west" },
				"east": { "uv": [ 8, 0, 10, 11 ], "texture": "#texture" }
			}
		},
		{
			"__comment": "Right-hand post",
			"from": [ 7, 5, 0 ],
			"to": [ 9, 16, 2 ],
 
			"faces": {
				"down": { "uv": [ 6, 6, 10, 10 ], "texture": "#top", "rotation": 180 },
				"up": { "uv": [ 6, 6, 10, 10 ], "texture": "#top" },
				"north": { "uv": [ 8, 3, 10, 14 ], "texture": "#texture" },
				"south": { "uv": [ 8, 5, 10, 16 ], "texture": "#texture" },
				"west": { "uv": [ 8, 0, 10, 11 ], "texture": "#texture" },
				"east": { "uv": [ 8, 5, 10, 16 ], "texture": "#texture", "cullface": "east" }
			}
		},
		{
			"__comment": "Inner vertical post of left-hand gate door",
			"from": [ 13, 6, 14 ],
			"to": [ 15, 15, 16 ],
 
			"faces": {
				"down": { "uv": [ 6, 6, 10, 10 ], "texture": "#top", "rotation": 180 },
				"up": { "uv": [ 6, 6, 10, 10 ], "texture": "#top" },
				"north": { "uv": [ 8, 7, 10, 16 ], "texture": "#texture" },
				"south": { "uv": [ 8, 1.5, 10, 10.5 ], "texture": "#texture" },
				"west": { "uv": [ 8, 4, 10, 13 ], "texture": "#texture" },
				"east": { "uv": [ 8, 0, 10, 9 ], "texture": "#texture" }
			}
		},
		{
			"__comment": "Inner vertical post of right-hand gate door",
			"from": [ 13, 6, 0 ],
			"to": [ 15, 15, 2 ],
 
			"faces": {
				"down": { "uv": [ 6, 6, 10, 10 ], "texture": "#top", "rotation": 180 },
				"up": { "uv": [ 6, 6, 10, 10 ], "texture": "#top" },
				"north": { "uv": [ 8, 2, 10, 11 ], "texture": "#texture" },
				"south": { "uv": [ 8, 2.5, 10, 11.5 ], "texture": "#texture" },
				"west": { "uv": [ 8, 7, 10, 16 ], "texture": "#texture" },
				"east": { "uv": [ 8, 0, 10, 9 ], "texture": "#texture" }
			}
		},
		{
			"__comment": "Lower horizontal bar of left-hand gate door",
			"from": [ 9, 6, 14 ],
			"to": [ 13, 9, 16 ],
 
			"faces": {
				"down": { "uv": [ 9, 1, 7, 5 ], "texture": "#top", "rotation": 90 },
				"up": { "uv": [ 9, 1, 7, 5 ], "texture": "#top", "rotation": 270 },
				"north": { "uv": [ 4, 8, 8, 11 ], "texture": "#texture" },
				"south": { "uv": [ 4, 11, 8, 14 ], "texture": "#texture" }
			}
		},
		{
			"__comment": "Upper horizontal bar of left-hand gate door",
			"from": [ 9, 12, 14 ],
			"to": [ 13, 15, 16 ],
 
			"faces": {
				"down": { "uv": [ 9, 11, 7, 15 ], "texture": "#top", "rotation": 90 },
				"up": { "uv": [ 9, 11, 7, 15 ], "texture": "#top", "rotation": 270 },
				"north": { "uv": [ 4, 11, 8, 14 ], "texture": "#texture" },
				"south": { "uv": [ 4, 8, 8, 11 ], "texture": "#texture" }
			}
		},
		{
			"__comment": "Lower horizontal bar of left-hand gate door",
			"from": [ 9, 6, 0 ],
			"to": [ 13, 9, 2 ],
 
			"faces": {
				"down": { "uv": [ 9, 11, 7, 15 ], "texture": "#top", "rotation": 90 },
				"up": { "uv": [ 9, 11, 7, 15 ], "texture": "#top", "rotation": 270 },
				"north": { "uv": [ 4, 11, 8, 14 ], "texture": "#texture" },
				"south": { "uv": [ 4, 8, 8, 11 ], "texture": "#texture" }
			}
		},
		{
			"__comment": "Upper horizontal bar of left-hand gate door",
			"from": [ 9, 12, 0 ],
			"to": [ 13, 15, 2 ],
 
			"faces": {
				"down": { "uv": [ 9, 1, 7, 5 ], "texture": "#top", "rotation": 90 },
				"up": { "uv": [ 9, 1, 7, 5 ], "texture": "#top", "rotation": 270 },
				"north": { "uv": [ 4, 11, 8, 14 ], "texture": "#texture" },
				"south": { "uv": [ 4, 11, 8, 14 ], "texture": "#texture" }
			}
		}
	]
}