{
"textures": {
    "particle": "Biomesoplenty:blocks/bdc_fence_mangrove_side",
    "texture": "Biomesoplenty:blocks/bdc_gate03",
    "top": "Biomesoplenty:blocks/bdc_fence_mangrove_top"
},
"elements": [ 
{
    "__comment": "Left-hand post",
    "from": [ 14, 5, 7 ],
    "to": [ 16, 16, 9 ],
    "faces": {
        "down":  { "uv": [ 6, 6, 10, 10 ], "texture": "#top" },
        "up":    { "uv": [ 6, 6, 10, 10 ], "texture": "#top" },
        "north": { "uv": [ 12, 0, 14, 11 ], "texture": "#texture" },
        "south": { "uv": [ 12, 5, 14, 16 ], "texture": "#texture" },
        "west":  { "uv": [ 12, 3.5, 14, 14.5 ], "texture": "#texture", "cullface": "west" },
        "east":  { "uv": [ 12, 0, 14, 11 ], "texture": "#texture" }
    }
},
{
    "__comment": "Right-hand post",
    "from": [ 0, 5, 7 ],
    "to": [ 2, 16, 9 ],
    "faces": {
        "down":  { "uv": [ 6, 6, 10, 10 ], "texture": "#top" },
        "up":    { "uv": [ 6, 6, 10, 10 ], "texture": "#top" },
        "north": { "uv": [ 12, 5, 14, 16 ], "texture": "#texture" },
        "south": { "uv": [ 12, 0, 14, 11 ], "texture": "#texture" },
        "west":  { "uv": [ 12, 2.5, 14, 13.5 ], "texture": "#texture" },
        "east":  { "uv": [ 12, 5, 14, 16 ], "texture": "#texture", "cullface": "east" }
    }
},
{
    "__comment": "Inner vertical post of left-hand gate door",
    "from": [ 14, 6, 1 ],
    "to": [ 16, 15, 3 ],
    "faces": {
        "down":  { "uv": [ 6, 6, 10, 10 ], "texture": "#top" },
        "up":    { "uv": [ 6, 6, 10, 10 ], "texture": "#top" },
        "north": { "uv": [ 12, 0, 14, 9 ], "texture": "#texture" },
        "south": { "uv": [ 12, 4, 14, 13 ], "texture": "#texture" },
        "west":  { "uv": [ 12, 7, 14, 16 ], "texture": "#texture" },
        "east":  { "uv": [ 12, 1.5, 14, 10.5 ], "texture": "#texture" }
    }
},
{
    "__comment": "Inner vertical post of right-hand gate door",
    "from": [ 0, 6, 1 ],
    "to": [ 2, 15, 3 ],
    "faces": {
        "down":  { "uv": [ 6, 6, 10, 10 ], "texture": "#top" },
        "up":    { "uv": [ 6, 6, 10, 10 ], "texture": "#top" },
        "north": { "uv": [ 12, 1, 14, 10 ], "texture": "#texture" },
        "south": { "uv": [ 12, 7, 14, 16 ], "texture": "#texture" },
        "west":  { "uv": [ 12, 2, 14, 11 ], "texture": "#texture" },
        "east":  { "uv": [ 12, 4.5, 14, 13.5 ], "texture": "#texture" }
    }
},
{
    "__comment": "Lower horizontal bar of left-hand gate door",
    "from": [ 14, 6, 3 ],
    "to": [ 16, 9, 7 ],
    "faces": {
        "down":  { "uv": [ 7, 1, 9, 5 ], "texture": "#top" },
        "up":    { "uv": [ 7, 1, 9, 5 ], "texture": "#top" },
        "west":  { "uv": [ 4, 0, 8, 3 ], "texture": "#texture" },
        "east":  { "uv": [ 4, 3, 8, 6 ], "texture": "#texture" }
    }
},
{
    "__comment": "Upper horizontal bar of left-hand gate door",
    "from": [ 14, 12, 3 ],
    "to": [ 16, 15, 7 ],
    "faces": {
        "down":  { "uv": [ 7, 11, 9, 15 ], "texture": "#top" },
        "up":    { "uv": [ 7, 11, 9, 15 ], "texture": "#top" },
        "west":  { "uv": [ 4, 3, 8, 6 ], "texture": "#texture" },
        "east":  { "uv": [ 4, 0, 8, 3 ], "texture": "#texture" }
    }
},
{
    "__comment": "Lower horizontal bar of left-hand gate door",
    "from": [ 0, 6, 3 ],
    "to": [ 2, 9, 7 ],
    "faces": {
        "down":  { "uv": [ 7, 11, 9, 15 ], "texture": "#top" },
        "up":    { "uv": [ 7, 11, 9, 15 ], "texture": "#top" },
        "west":  { "uv": [ 4, 3, 8, 6 ], "texture": "#texture" },
        "east":  { "uv": [ 4, 0, 8, 3 ], "texture": "#texture" }
    }
},
{
    "__comment": "Upper horizontal bar of left-hand gate door",
    "from": [ 0, 12, 3 ],
    "to": [ 2, 15, 7 ],
    "faces": {
        "down":  { "uv": [ 7, 1, 9, 5 ], "texture": "#top" },
        "up":    { "uv": [ 7, 1, 9, 5 ], "texture": "#top" },
        "west":  { "uv": [ 4, 3, 8, 6 ], "texture": "#texture" },
        "east":  { "uv": [ 4, 0, 8, 3 ], "texture": "#texture" }
    }
}
]
}