{
	"__comment": "Designed by the resident Inuit with BDcraft Cubik PRO 0.96 Beta - http://bdcraft.net",
	"parent": "block/block",
	"ambientocclusion": false,
	"textures": {
		"particle": "Biomesoplenty:blocks/bdc_fence_mangrove_side",
                "texture": "Biomesoplenty:blocks/bdc_gate03",
                "top": "Biomesoplenty:blocks/bdc_fence_mangrove_top"
	},
	"elements": [
		{
			"__comment": "Left-hand post",
			"from": [ 14, 2, 7 ],
			"to": [ 16, 13, 9 ],

			"faces": {
				"down": { "uv": [ 6, 6, 10, 10 ], "texture": "#top", "tintindex": 0 },
				"up": { "uv": [ 6, 6, 10, 10 ], "texture": "#top", "tintindex": 0 },
				"north": { "uv": [ 12, 0, 14, 11 ], "texture": "#texture", "tintindex": 0 },
				"south": { "uv": [ 12, 5, 14, 16 ], "texture": "#texture", "tintindex": 0 },
				"west": { "uv": [ 12, 3.5, 14, 14.5 ], "texture": "#texture", "cullface": "west", "tintindex": 0 },
				"east": { "uv": [ 12, 0, 14, 11 ], "texture": "#texture", "tintindex": 0 }
			}
		},
		{
			"__comment": "Right-hand post",
			"from": [ 0, 2, 7 ],
			"to": [ 2, 13, 9 ],

			"faces": {
				"down": { "uv": [ 6, 6, 10, 10 ], "texture": "#top", "tintindex": 0 },
				"up": { "uv": [ 6, 6, 10, 10 ], "texture": "#top", "tintindex": 0 },
				"north": { "uv": [ 12, 5, 14, 16 ], "texture": "#texture", "tintindex": 0 },
				"south": { "uv": [ 12, 0, 14, 11 ], "texture": "#texture", "tintindex": 0 },
				"west": { "uv": [ 12, 3, 14, 14 ], "texture": "#texture", "tintindex": 0 },
				"east": { "uv": [ 12, 5, 14, 16 ], "texture": "#texture", "cullface": "east", "tintindex": 0 }
			}
		},
		{
			"__comment": "Inner vertical post of left-hand gate door",
			"from": [ 14, 3, 1 ],
			"to": [ 16, 12, 3 ],

			"faces": {
				"down": { "uv": [ 6, 6, 10, 10 ], "texture": "#top", "tintindex": 0 },
				"up": { "uv": [ 6, 6, 10, 10 ], "texture": "#top", "tintindex": 0 },
				"north": { "uv": [ 12, 0, 14, 9 ], "texture": "#texture", "tintindex": 0 },
				"south": { "uv": [ 12, 4, 14, 13 ], "texture": "#texture", "tintindex": 0 },
				"west": { "uv": [ 12, 7, 14, 16 ], "texture": "#texture", "tintindex": 0 },
				"east": { "uv": [ 12, 1.5, 14, 10.5 ], "texture": "#texture", "tintindex": 0 }
			}
		},
		{
			"__comment": "Inner vertical post of right-hand gate door",
			"from": [ 0, 3, 1 ],
			"to": [ 2, 12, 3 ],

			"faces": {
				"down": { "uv": [ 6, 6, 10, 10 ], "texture": "#top", "tintindex": 0 },
				"up": { "uv": [ 6, 6, 10, 10 ], "texture": "#top", "tintindex": 0 },
				"north": { "uv": [ 12, 1, 14, 10 ], "texture": "#texture", "tintindex": 0 },
				"south": { "uv": [ 12, 7, 14, 16 ], "texture": "#texture", "tintindex": 0 },
				"west": { "uv": [ 12, 2, 14, 11 ], "texture": "#texture", "tintindex": 0 },
				"east": { "uv": [ 12, 4.5, 14, 13.5 ], "texture": "#texture", "tintindex": 0 }
			}
		},
		{
			"__comment": "Lower horizontal bar of left-hand gate door",
			"from": [ 14, 3, 3 ],
			"to": [ 16, 6, 7 ],

			"faces": {
				"down": { "uv": [ 9, 1, 7, 5 ], "texture": "#top", "rotation": 180, "tintindex": 0 },
				"up": { "uv": [ 9, 1, 7, 5 ], "texture": "#top", "rotation": 180, "tintindex": 0 },
				"west": { "uv": [ 4, 0, 8, 3 ], "texture": "#texture", "tintindex": 0 },
				"east": { "uv": [ 4, 3, 8, 6 ], "texture": "#texture", "tintindex": 0 }
			}
		},
		{
			"__comment": "Upper horizontal bar of left-hand gate door",
			"from": [ 14, 9, 3 ],
			"to": [ 16, 12, 7 ],

			"faces": {
				"down": { "uv": [ 9, 11, 7, 15 ], "texture": "#top", "rotation": 180, "tintindex": 0 },
				"up": { "uv": [ 9, 11, 7, 15 ], "texture": "#top", "rotation": 180, "tintindex": 0 },
				"west": { "uv": [ 4, 3, 8, 6 ], "texture": "#texture", "tintindex": 0 },
				"east": { "uv": [ 4, 0, 8, 3 ], "texture": "#texture", "tintindex": 0 }
			}
		},
		{
			"__comment": "Lower horizontal bar of left-hand gate door",
			"from": [ 0, 3, 3 ],
			"to": [ 2, 6, 7 ],

			"faces": {
				"down": { "uv": [ 7, 11, 9, 15 ], "texture": "#top", "tintindex": 0 },
				"up": { "uv": [ 7, 11, 9, 15 ], "texture": "#top", "tintindex": 0 },
				"west": { "uv": [ 4, 3, 8, 6 ], "texture": "#texture", "tintindex": 0 },
				"east": { "uv": [ 4, 0, 8, 3 ], "texture": "#texture", "tintindex": 0 }
			}
		},
		{
			"__comment": "Upper horizontal bar of left-hand gate door",
			"from": [ 0, 9, 3 ],
			"to": [ 2, 12, 7 ],

			"faces": {
				"down": { "uv": [ 7, 1, 9, 5 ], "texture": "#top", "tintindex": 0 },
				"up": { "uv": [ 7, 1, 9, 5 ], "texture": "#top", "tintindex": 0 },
				"west": { "uv": [ 4, 3, 8, 6 ], "texture": "#texture", "tintindex": 0 },
				"east": { "uv": [ 4, 0, 8, 3 ], "texture": "#texture", "tintindex": 0 }
			}
		}
	]
}