{
"textures": {
    "particle": "biomesoplenty:blocks/bdc_fence_willow_side",
    "texture": "biomesoplenty:blocks/bdc_gate04",
    "top": "biomesoplenty:blocks/bdc_fence_willow_top"
},
"elements": [ 
{
    "__comment": "Left-hand post",
    "from": [ 14, 5, 7 ],
    "to": [ 16, 16, 9 ],
    "faces": {
        "down":  { "uv": [ 6, 6, 10, 10 ], "texture": "#top" },
        "up":    { "uv": [ 6, 6, 10, 10 ], "texture": "#top" },
        "north": { "uv": [ 8, 0, 10, 11 ], "texture": "#texture" },
        "south": { "uv": [ 8, 5, 10, 16 ], "texture": "#texture" },
        "west":  { "uv": [ 8, 3.5, 10, 14.5 ], "texture": "#texture", "cullface": "west" },
        "east":  { "uv": [ 8, 0, 10, 11 ], "texture": "#texture" }
    }
},
{
    "__comment": "Right-hand post",
    "from": [ 0, 5, 7 ],
    "to": [ 2, 16, 9 ],
    "faces": {
        "down":  { "uv": [ 6, 6, 10, 10 ], "texture": "#top" },
        "up":    { "uv": [ 6, 6, 10, 10 ], "texture": "#top" },
        "north": { "uv": [ 8, 5, 10, 16 ], "texture": "#texture" },
        "south": { "uv": [ 8, 0, 10, 11 ], "texture": "#texture" },
        "west":  { "uv": [ 8, 2.5, 10, 13.5 ], "texture": "#texture" },
        "east":  { "uv": [ 8, 5, 10, 16 ], "texture": "#texture", "cullface": "east" }
    }
},
{
    "__comment": "Inner vertical post of left-hand gate door",
    "from": [ 14, 6, 1 ],
    "to": [ 16, 15, 3 ],
    "faces": {
        "down":  { "uv": [ 6, 6, 10, 10 ], "rotation": 180, "texture": "#top" },
        "up":    { "uv": [ 6, 6, 10, 10 ], "texture": "#top" },
        "north": { "uv": [ 8, 0, 10, 9 ], "texture": "#texture" },
        "south": { "uv": [ 8, 4, 10, 13 ], "texture": "#texture" },
        "west":  { "uv": [ 8, 7, 10, 16 ], "texture": "#texture" },
        "east":  { "uv": [ 8, 1.5, 10, 10.5 ], "texture": "#texture" }
    }
},
{
    "__comment": "Inner vertical post of right-hand gate door",
    "from": [ 0, 6, 1 ],
    "to": [ 2, 15, 3 ],
    "faces": {
        "down":  { "uv": [ 6, 6, 10, 10 ], "texture": "#top" },
        "up":    { "uv": [ 6, 6, 10, 10 ], "texture": "#top" },
        "north": { "uv": [ 8, 1, 10, 10 ], "texture": "#texture" },
        "south": { "uv": [ 8, 7, 10, 16 ], "texture": "#texture" },
        "west":  { "uv": [ 8, 2, 10, 11 ], "texture": "#texture" },
        "east":  { "uv": [ 8, 4.5, 10, 13.5 ], "texture": "#texture" }
    }
},
{
    "__comment": "Lower horizontal bar of left-hand gate door",
    "from": [ 14, 6, 3 ],
    "to": [ 16, 9, 7 ],
    "faces": {
        "down":  { "uv": [ 9, 1, 7, 5 ], "rotation": 180, "texture": "#top" },
        "up":    { "uv": [ 9, 1, 7, 5 ], "rotation": 180, "texture": "#top" },
        "west":  { "uv": [ 4, 8, 8, 11 ], "texture": "#texture" },
        "east":  { "uv": [ 4, 11, 8, 14 ], "texture": "#texture" }
    }
},
{
    "__comment": "Upper horizontal bar of left-hand gate door",
    "from": [ 14, 12, 3 ],
    "to": [ 16, 15, 7 ],
    "faces": {
        "down":  { "uv": [ 9, 11, 7, 15 ], "rotation": 180, "texture": "#top" },
        "up":    { "uv": [ 9, 11, 7, 15 ], "rotation": 180, "texture": "#top" },
        "west":  { "uv": [ 4, 11, 8, 14 ], "texture": "#texture" },
        "east":  { "uv": [ 4, 8, 8, 11 ], "texture": "#texture" }
    }
},
{
    "__comment": "Lower horizontal bar of left-hand gate door",
    "from": [ 0, 6, 3 ],
    "to": [ 2, 9, 7 ],
    "faces": {
        "down":  { "uv": [ 9, 11, 7, 15 ], "rotation": 180, "texture": "#top" },
        "up":    { "uv": [ 9, 11, 7, 15 ], "rotation": 180, "texture": "#top" },
        "west":  { "uv": [ 4, 11, 8, 14 ], "texture": "#texture" },
        "east":  { "uv": [ 4, 8, 8, 11 ], "texture": "#texture" }
    }
},
{
    "__comment": "Upper horizontal bar of left-hand gate door",
    "from": [ 0, 12, 3 ],
    "to": [ 2, 15, 7 ],
    "faces": {
        "down":  { "uv": [ 9, 1, 7, 5 ], "rotation": 180, "texture": "#top" },
        "up":    { "uv": [ 9, 1, 7, 5 ], "rotation": 180, "texture": "#top" },
        "west":  { "uv": [ 4, 11, 8, 14 ], "texture": "#texture" },
        "east":  { "uv": [ 4, 8, 8, 11 ], "texture": "#texture" }
    }
}
]
}