{
	"__comment": "Designed by HanFox with Cubik - http://bdcraft.net",
	"parent": "block/block",
	"textures": {
		"particle": "blocks/nether_brick",
		"post": "blocks/bdc_gate01",
		"top": "blocks/bdc_fence_crossbar4"
	},
	"elements": [
		{
			"__comment": "Inner vertical post of left-hand gate door",
			"from": [ 13, 3, 0 ],
			"to": [ 15, 12, 2 ],
			"faces": {
				"down": { "uv": [ 0, 16, 4, 12 ], "texture": "#top", "rotation": 90 },
				"up": { "uv": [ 0, 12, 4, 16 ], "texture": "#top" },
				"north": { "uv": [ 8, 1.5, 10, 10.5 ], "texture": "#post" },
				"south": { "uv": [ 8, 4, 10, 13 ], "texture": "#post" },
				"west": { "uv": [ 8, 7, 10, 16 ], "texture": "#post" },
				"east": { "uv": [ 8, 1, 10, 10 ], "texture": "#post" }
			}
		},
		{
			"__comment": "Inner vertical post of right-hand gate door",
			"from": [ 13, 3, 14 ],
			"to": [ 15, 12, 16 ],
			"faces": {
				"down": { "uv": [ 0, 16, 4, 12 ], "texture": "#top", "rotation": 90 },
				"up": { "uv": [ 0, 12, 4, 16 ], "texture": "#top" },
				"north": { "uv": [ 8, 0, 10, 9 ], "texture": "#post" },
				"south": { "uv": [ 8, 2.5, 10, 11.5 ], "texture": "#post" },
				"west": { "uv": [ 8, 5, 10, 14 ], "texture": "#post" },
				"east": { "uv": [ 8, 7, 10, 16 ], "texture": "#post" }
			}
		},
		{
			"__comment": "Upper horizontal bar of right-hand gate door",
			"from": [ 9, 9, 14 ],
			"to": [ 13, 12, 16 ],
			"faces": {
				"down": { "uv": [ 6, 0, 8, 2 ], "texture": "#top", "rotation": 270 },
				"up": { "uv": [ 6, 0, 8, 2 ], "texture": "#top", "rotation": 90 },
				"north": { "uv": [ 4, 8, 8, 11 ], "texture": "#post" },
				"south": { "uv": [ 4, 8, 8, 11 ], "texture": "#post" }
			}
		},
		{
			"__comment": "Upper horizontal bar of left-hand gate door",
			"from": [ 9, 9, 0 ],
			"to": [ 13, 12, 2 ],
			"faces": {
				"down": { "uv": [ 6, 0, 8, 2 ], "texture": "#top", "rotation": 270 },
				"up": { "uv": [ 6, 0, 8, 2 ], "texture": "#top", "rotation": 90 },
				"north": { "uv": [ 8, 8, 4, 11 ], "texture": "#post" },
				"south": { "uv": [ 8, 8, 4, 11 ], "texture": "#post" }
			}
		},
		{
			"__comment": "Lower horizontal bar of right-hand gate door",
			"from": [ 9, 4, 14 ],
			"to": [ 13, 7, 16 ],
			"faces": {
				"down": { "uv": [ 6, 0, 8, 2 ], "texture": "#top", "rotation": 270 },
				"up": { "uv": [ 6, 0, 8, 2 ], "texture": "#top", "rotation": 90 },
				"north": { "uv": [ 4, 11, 8, 14 ], "texture": "#post" },
				"south": { "uv": [ 4, 11, 8, 14 ], "texture": "#post" }
			}
		},
		{
			"__comment": "Lower horizontal bar of left-hand gate door",
			"from": [ 9, 4, 0 ],
			"to": [ 13, 7, 2 ],
			"faces": {
				"down": { "uv": [ 6, 0, 8, 2 ], "texture": "#top", "rotation": 270 },
				"up": { "uv": [ 6, 0, 8, 2 ], "texture": "#top", "rotation": 90 },
				"north": { "uv": [ 4, 11, 8, 14 ], "texture": "#post" },
				"south": { "uv": [ 4, 11, 8, 14 ], "texture": "#post" }
			}
		}
	]
}