{
    "parent": "quark:block/randomizer_off",
	"display" : {
        "gui": {
            "rotation": [ 30, 135, 0 ],
            "translation": [ 0, 1, 0],
            "scale":[ 0.625, 0.625, 0.625 ]
        },
        "ground": {
            "rotation": [ 0, 0, 0 ],
            "translation": [ 0, 3, 0],
            "scale":[ 0.25, 0.25, 0.25 ]
        },
        "fixed": {
            "rotation": [ -90, 0, 0 ],
            "translation": [ 0, 0, -3 ],
            "scale":[ 0.5, 0.5, 0.5 ]
        },
        "thirdperson_righthand": {
            "rotation": [ 75, 45, 0 ],
            "translation": [ 0, 2.5, 3 ],
            "scale": [ 0.375, 0.375, 0.375 ]
        },
        "firstperson_righthand": {
            "rotation": [ 0, 45, 0 ],
            "translation": [ 0, 3, 0 ],
            "scale": [ 0.40, 0.40, 0.40 ]
        }
	}
}
